clean_text,label
ஒருவாட்டி கூட நீங்கள் யாருமே என்னைப் புரிந்துகொண்டது இல்லை,1
நான் இப்போது வாழ்க்கும் வாழ்க்கையும் என்னுக்குத் தெரிகிறது என் வாழ்க்கையும் முடிந்துவிட்டது,1
எனக்கு இப்ப தான் தோன்றுது நான் உன்னை எவ்வளவு நம்பினேன்னு ஆனா கடைசில நீ என்னை இப்படி ஏமாதிட்டு போய்ட்டாய்,1
கடவைத் திறந்திருக்கா திறக்க முடியுமா என்னால் இங்கிருக்க முடியாது,1
ஏதோ பெருஸ்வா நிலைக்கப்போகும் மாதிரி எனக்கு மிகவும் பயமா இருக்கு,1
நான் எல்லாருக்கு எட்டியும் சிரித்துதான் பேசுகிறேன் நல்லதான் இருக்கேன் ஆனால் ஏனெல்லாமே ஒரு கடைசியில் ஒரு பெரிய நோடகமா இருக்கு,1
எலாமே நாளைக்கு பண்ணலானு பாப்பேன் ஆனால் எனக்கு இப்போது நாளைக்கு வருவது கூட பிடிக்க மாட்டேன்குது,1
எனக்கு ஏதாவது ஆயிலம் போல இருக்க எனக்கு மிகவும் பயமாக இருக்க,1
எனக்கு இந்த வாழ்க்கையே பிடிக்கவில்லை நான் என்ன தவறா,1
என்னிடம் தில் பெரிய சத்தம் கேட்டிட்டே இருக்கும் போல இருக்கு என்னால் அது தாங்க வே முடியலை,1
எனக்கு இப்போலான என்ன செய்வது என்று தெரியவில்லை எதாவே வெறுத்து போன மாதிரி இருக்கிறது இப்போதும்,1
நான் யாருக்கு என்ன பாவம் சென்றேன் எல்லாரும் ஏன் என்னை இப்படி கஷ்டப்படுத்திட்டு இருக்காங்க,1
ஒரு நாள் புரியும் உனக்காக நான் தான் எல்லாம் மாற்றிட்டேன்னு அன்னா அப்ப நீ யோசிக்குறப்பே நான் உன்னுடன் இருக்க மாட்டேன்,1
நான் எதற்கு இப்படி செய்து கொண்டு என்று எனக்கு தெரியவில்லை ஆனால் என்ன செய்வது எனக்கு புரியமாட்டீங்கள்,1
யாரும் இங்கே இருக்கும் மாதிரி இருக்க என்னால் முடியும்து இதற்கு நான் இங்கே இருக்கதே முடியாது,1
என்ன பொறுமை என்ன நிதானம் எவ்வளவு நாளைக்குத்தான் நான் இந்த வாழ்க்கையை வாழ்வதுனே தெரியல,1
என் கஷ்டத்தைப் புரிந்துகொள்ளக்கூட யாருமே முயற்சி பணமாட்டுண்டான்னு நான் யாருக்கும் அவ்வளவு முக்கியம் இல்லையோ,1
என்ன ஆகுது ஏன் என்னால் இதையும் புரிந்துகொள்ள வே முடியவில்ல எல்லாமே ரொம்ப திசமாரி போன மாதிரி இருக்கு,1
என் வாழ்க்கை என் கையில் இருந்து இருந்தால் இவ்வளவு மூசமாக ஆக விட்டுருப்பேனா என்று எனக்கு தெரியவில்லை,1
யாரும் நான் எப்படி இருக்கேன்னு கேக்கமாட்டார்கள் கேட்டாலும் நான் பதில் சொல்வதற்கு முன்னாடியே போய்விடுவார்கள்,1
இன்னும் எவ்வளோ நாள்தான் இந்த மாதிரி இருக்கப் போறு என் உடம்பு மட்டும் தான் இங்க இருக்கு என்ன உயிரில்ல,1
நான் அழுத எல்லாரும் நடிக்கும் என்று சொல்கிறார்கள் நான் எவ்வளவு நிறந்து நான் ஒன்றும் பண்ணு என்னுடைய கஷ்டுப் பிடுத்த மாதிரி நடிப்பேன் ஒன்றும்,1
என்னுடைய கஷ்டும் என்னுடைய சுவ்பம் பற்றி பேசுன்னால் யாரும் புரிந்துக்க முடியாது,1
கடவைத் திருந்திருக்கா திருக்க முடியுமா என்னால் இங்க இருக்க முடியாது,1
என் வாழ்க்கையில் எனக்கு நிம்மதி கிடைக்குமா ஒரு நாள் கூட என்னால் நிம்மதியாவே இருந்தது இல்லை,1
எனக்கு எதுக்கும் தைரியம் இல்ல எப்படி மாறுவது,1
எனக்கு அலுத்து போச்சு என்னை யாருமே புரிந்துக்க வே மாட்டேன்குறாங்க,1
நீ ஏன் இப்படி பேசுற உன்னால்தான் நான் இவ்வளவு கஷ்டப் போட்டிட்டு இருக்கேன் கடைசில எல்லா பல்லையும் ஏன் மேல போடாதே,1
நான் எப்போமே சந்தோஷமா இருக்க மாதிரி நடிக்க வேண்டும் என்னுடைய கஷ்டத்தைப் பார்த்தால் நான் யாராலும் அதைத் தாங்க முடியாது,1
சண்ணிக்க முடியுமா என்னால் என்னால் சண்ணிக்குக்கூட முடியாதாம்,1
என்னை ஏன் எல்லாரு கஷ்டப் படுத்துறாங்க நான் யாருக்கு என்ன பாவம் செய்தேன்,1
என் கஷ்டத்தைக்கூட யாரும் புரிந்துகொள்ள முயற்சி பணமாட்டும் ராமே நான் அவ்வளவு முக்கியம் இல்லையா யாருக்கும்,1
என்மேல யாருக்கும் அக்கறை இருந்ததும் இல்லை வருப்பா வருமாலும் எனக்கு நும்பிக்கையும் இல்லை,1
இப்போது எதுவும் சரியா போகும் என்று ஒரு நிமிடம் கொள்ளும் நம்பிக்கையில்லை என்னுடைய பயமே என் வாழ்க்கையை முடித்துடும் போல இருக்கு,1
எப்போது பத்தால் இந்திருந்தால் பிரச்சிதியில் தலையுடுவான்ல நான் உங்களுக்கு என்ன பண்ணாய்,1
இது கழந்து போகும்,1
ஒரு ஒரு வாட்டிக்கூட என்னால் என்னை யாருமே புரிந்துகொண்டது இல்லை தெரியுமா,1
கம்பவே பயமாக இருக்கு இப்படி சும்மா இருந்தால் என்னவோ பெருச்சு நடக்கப்போகும் மாதிரி பயமாக இருக்கு,1
ஓ நாம் மட்டும்தான் தப்பு பண்ணேன் என்னிட்சீயா நீயும்தான் தப்பு பண்ணேன் நீ என்னை சுத்தமாகப் புரிந்துக்கொள்ளவே கிடையாது இதுல,1
என்ன ஆகிறது நானே புரிந்துகொள்ள முடியவில்லை எல்லாமே திசமாரி போய்விட்டது,1
நான் ஏன் எதற்கு ஏன் இப்படி மாற்றேன் என்று எனக்குப் புரியவில்லை யார் மறிக்காதது நலையாகம் தெரியவில்லை,1
நான் நான் ஓடிட்டே இருந்தேன் அப்பு கடைசியில் அனைத்தும் முடியப்போதான்,1
ஏதோ பருசா நடக்கப்போற மாறிப் பயமா இருக்கு,1
என்ன நினைச்சிட்டு இருக்கேன் நான் இந்த முட்டாலா உன்னை நம்பந்ததுனால்தான் இப்படி கஷ்டிய பட்டியுட்டு இருக்கேன் நான்,1
நான் எப்படி இருந்து நினைத்து பார்த்தால் எனக்கு சுத்தமா தெரியவில்லை சிரிக்கும்தான் இல்லை அழுவதான் என்று,1
நாயாருக்குமே முக்கியுள்ளேன என நு ட்ரீயு ஆனா இன்னும் அங்கே கேட்டது நாய் என்னே எத்திரைப் பாத்திடுக்கேன் து எனக்கு தெரியவில்லை,1
இந்த இடத்தில் எப்போதும் பெரிய சத்தம் கேட்கும் போல இருக்கு என்னால் அது தாந்து முடியவில்லை,1
எனக்கும் இதாவது செய்யவேண்டும் என ஆசை இருக்கு ஆனால் நான் என்ன என்று செய்வேன் நீ உள்ளுக்குள்ளதான் ஒன்றுமே இல்லையே,1
அவர்களிடம் ஒரே ஒரு வாட்டி பேசும் ஆனால் நான் பேசுவதுக்கு கேட்குவதுக்குக்குள் அவர் தயாராக இல்லை,1
கண்ணுகூட மூட முடியல யாரோ என்னைப் பார்த்துக்கொண்டு இருக்கும்போது மாதிரி இருக்கு,1
நான் ஏன் எப்போ எதற்கு இப்படி மாறுன்று எனக்கே புரியவில்லை என்னை யாரும் மதிக்கதுன்னாலேயா ஐயோ நான் என்ன பண்ணுவேன்,1
யாராவது எனக்கு வந்து ஆர்தல் சொல்லுவார்களா என்று எதிர்பார்ப்பேன் ஆனால் யாருமே வரமாட்டார்கள்,1
ஐயோ நான் எதற்கு எப்போது ஏன் இப்படி மாறுனேன் என்று எனக்கு தெரியவில்லை நான் என்ன செய்கிறேன் என்று வைத்துட்டு,1
எனக்கு முதல் திருமணில் ஒன்றும் ஞாபகம் வரலாம் இனி தெரியும் என்றாலும் ஒன்றும் ஞாபகம் வரலாம்,1
எனக்கு எதுவும் வேண்டாம் நான் தனியா இருக்கணும் யாரும் என்ன தேடாதீங்க,1
என்னை விட்டு போய்டு ஆனா ஒன்னும் மட்டும் நியாபகம் வைச்சுக்கோ உன்னால் அதே என் வாழ்க்கை இவ்வளவு நாசமா போச்சு,1
இன்னும் எவ்வளவு நாள் தான் இப்படி இருப்பேன் என்று எனக்கும் தெரியவில்லை என் வாழ்க்கையில் ஏதாவது மாறுனால் நல்லதான் இருக்கும்,1
என் மனது என்னை விட்டுப் போன மாதிரி இருக்கு,1
எனக்கு எதுக்கும் தெரியும் இல்ல எப்படி மாறுறது,1
கதவைத் திறந்துருக்கும் திறக்க முடியும் என்னால் இங்கே இருக்க முடியவில்ல,1
எல்லாரும் ஏழை வெள்ளிடு போய்விடுவார்களா அது ஒன்றும் தனியே இருந்தால் எனக்கு என்ன ஆகும்,1
நான் ஒரு நாள் கூட இருக்கிறது இல்லை ஒரு வித்தியாகச் சொல்லுவிடாதே நான் இருக்கின்றன அல்லவானுக்கும் தெரியாதே,1
எனக்கும் ஏதாவது செய்யவேண்டும் என்று காசியுள்ளது ஆனால் என் உள்ளுக்குள் ஒன்றுமே இல்லை பிறகு நான் என்ன செய்வேன்,1
எல்லாரும் என்னைப் பார்த்து சிரிப்பார்களா,1
என் மனத்தில் நிறைய கேள்விகள் இருக்கு ஆனா பதில் ஒன்றும் கிடைக்கவில்ல நான் ஏன் இப்படி இருக்கன்னு தெரியல்ல,1
எல்லாருக்கும் கஷ்டம் வரும்னு சொல்கிறார்கள் ஆனால் அவர்கள் பார்த்ததும் எனக்கு வந்ததும் ஒன்னா,1
சரி இயாருக்கும் என் வலி முக்கியம் இல்லைல்லை பரவாயில்லை நான் என்ன செய்து பார்த்தேன் எனக்கு தெரியவில்லை,1
கண்கலங்குரா அல்லவுக்கு பிரச்சின்ற இருந்தாலும் என்னால் அதைப்பற்றி யார்க்கட்டியும் சொல்ல முடியாது,1
கண்ணுகூட மூட முடியலா யாரோ என்ன பார்த்துக்கொண்டு இருக்குங்க மாதிரி இருக்கு,1
என் மூச்சி அடங்கிட மாறி இருக்கு இதுவும் கடங்க போயிடுமா,1
இப்போது நவால் ரு இந்த வாழ்க்கு என் வாழ்க்கு இல்லை என் வாழ்க்கு எப்போதும் முடித்து போச்சு,1
எதுவும் புரியல நான் ஏன் இப்படி இருக்கேன்னும் தெரியல எல்லாரும் என்னை விட்டுட்டு போய்ட்டாங்க,1
நாளை இன்னும் எவ்வளவு பாரும் தான் போர்த்துக்கொள்ள முடியும் தெரியவில்ல என் மனத்தில் இருக்கும் பாரும் என்னை கொஞ்சு கொஞ்சுமான் கொண்டு இருக்கும்,1
என்னதான் நான் செய்யவில்லை என்னை யாருமே காப்பத்துவிட மாட்டார்களா,1
என்னால்தான் அனைவருக்கும் பிரச்சினை நாமட்டும் இல்லையென்றால் எல்லாரும் நல்ல இருப்போகும்,1
இந்த வாய்க்கையைப் புரியவில் நான் தவறா,1
நா இப்போல நானாவே இல்லை வேறை யார் மாதிரியும் நடந்துட்டு இருக்கிறேன் இப்போல,1
என்னால் எதுவும் செய்ய முடியவில்லை நான் ஒரே தோழ்வி மாதிரி இருக்க எல்லாரும் என்னை விட்டுட்டு போய்விட்டார்கள்,1
என்னதான் செயலேனா யாரும் என்னைக் காப்பாற்ற மாட்டாங்களா,1
நான் எப்போது மாறினேன் ஒரு காலத்தில் நானும் சந்தோஷமாதான் இருந்தேன் ஏன் என்னால் இப்போது இனியே புரிந்துக்க முடியவில்லை,1
நான் யாரும் இல்லை என்று தெரியும் ஆனால் என் கண்ணிற்கு வேறு ஒன்று தெரியும்,1
இல்லை நாளும் ஒரு விதியாசமும் வரப்பொருதல்ல நாயிறக்கென்னாலும் கூட யாரும் கவனிக்க மாட்டார்கள்,1
நான் ஒரு நாள் கூட வாழ்வதற்கு இல்லை ஒரு வித்தியாசம் இல்லை யாருக்கும் நான் இருக்கேன் என்று எனக்கூட தெரியாது,1
சரி யாருக்கும் என் வலி முக்கியம் இல்லைல்லை பரவாயில்லை நான் என்ன எதிர்பார்த்து என்று தெரியவில்லை,1
நாய் இருந்தாலும் இல்லாட்டியும் ஒரு வித்யாசமும் ஒரு பொருதல்ல நாய் இருப்பேன் அனுக்குள் யாரும் கவினிக்க மாட்டார்கள்,1
எல்லாரும் நிம்மதியாக இருக்கும்போது நாங்கள் மட்டியே ஒன்றும் போராடிட்டு இருக்கன் இதற்காகமோ போராடிட்டு இருக்கன்,1
என்னை விட்டு போயிடு ஆனா ஒன்னும் நினைவாங்க வைச்சுக்கோ உன்னால தான் என் வாழ்க்கு இப்படி நாசமா போச்சு,1
ஏன் என்னுடைய கஷ்டத்தை யாரும் புரிந்துக்க மயைச்சியே பண்ணமாட்டின்னால் நான் அந்தவளவுக்கு யாருக்கும் முக்கியம் இல்லையா,1
என்னாலே எதுவும் முடிக்க முடியவேண்டும் எனக்கு எது பண்டு இருக்கும் கொஞ்சம் குழியில் இஷ்டமே வரமாட்டேன் குது,1
நீ ஏன் என்னிடம் இப்படிப் பேசுற உன்னாலதான் நான் இவ்வளவு கஷ்டப் போட்டுட்டு இருக்கன் எல்லா பலியும் கடைசிலே ஏமேல போடாதே,1
என்னால்தான் எல்லா பிரச்சினையும் நான் மட்டும் இல்லையென்றால் எல்லாரும் நல்ல இருப்பார்கள்,1
எனக்கு இந்த வாழ்க்கை ஒன்றும் புரியல நான் தவறா,1
யாரோ என் பின்னாடி வர மாறி தோன்றுது என்னாலு முடியாது என்னாலு இங்க கண்டுப்ப இருக்க முடியாது,1
நிம்மதி அப்படின்னு என் வாழ்க்கையில் ஒன்று நடக்க வேண்டும் என்று காடா அது நடந்தால் நான் மிகவும் சந்தோஷமா இருப்பேன்,1
என்னைத்தான் செய்யலேனா யாரும் என்னைக் காப்பாற்ற மாட்டாங்களா,1
எனக்கு தெரியல ஆனால் எப்படி இருந்து நினைத்து பார்த்தால் சிரிக்குறதா இல்ல அளுறுதான்னுடன்,1
என்ன ஆகிறது நானே புரித்துக்கொள்ள முடியவில்லாம் எல்லாம் பெரித்து சமாரி போய்விட்டது,1
எல்லாரும் வாழ்க்கு முன்னாடி போக வேண்டும்னு சொல்கிறாங்க ஆனால் அதற்கு முயற்சி செய்வதற்கான சக்தி கூட ஏன் எனக்கு இல்ல,1
எனக்கு மிகவும் பயமா இருக்கு எப்படி சும்மா இருந்தால் ஏதாவது பெரிசா நடுக்கப்போகும் மாதிரி இருக்கு,1
எல்லாரும் என்னால் முடிவும் என்று சொல்கிறார்கள் ஆனால் சின்னச் சின்ன விஷயத்திற்குக்கூட நான் இவ்வளவு கஷ்டப்படுவேன் என்று எனக்கு மட்டும் தான் தெரியும்,1
நாளை ஓடிட்டே இருந்து அப்பு கடைசியினே அல்லாமே ஓடியுப்போதான்,1
இந்தா இப்ப தான் யோசிச்சேன் நான் உன்னை எவ்வளவு நம்பினேன்னு ஆனா கடைசில நீ என்னை இப்படி ஏமாத்திட்டு போய்ட்டாய்,1
எனக்கு எப்போது நல்லது நடக்குமா ஏன் எனக்கு மட்டும் அப்படி ஒன்று நடக்க வே மாட்டிங்குது,1
அங்கு யாரும் இல்லாய் என்று தெரியும் ஆனா என் கண்ணுக்கு வேறு எந்தோ தெரியுது,1
நான் யாருக்கும் முக்கியம் இல்லை என்று கேட்பியோ தெரிந்து போய்ச்சேன் ஆனால் நான் இன்னும் யாருக்காக எதிர் பார்த்துட்டு இருக்கின்று தெரியவில்லை,1
எனக்கு எதற்குமே தெரியமே இல்லை நான் இதனைத்தான் எப்படி மாறவேன்,1
கண்ணுக்குள் உள்ள முடியினே யாரும் என்னைப் பார்க்குற மாதிரியே இருக்கு,1
என்னால் சந்திக்கக்கூட முடியாதாம்,1
இவ்வளவு நாளா ஓடிக்கொண்டிருந்தேன் ஆனா இப்ப இல்ல முடிந்து போகும் போல,1
எப்போதும் மீண்டும் மன்னித்துக்கொள்ள வேண்டும் ஏனென்றால் என் வலி வெள்ளி வந்தால் யாராலியும் அட தாங்க முடியாது,1
கதவைத் திறந்திருக்கான் திறக்க முடியுமோ என்னால் இங்க இருக்க முடியவில்ல,1
ஒரு நிமிஷ்டக்குக் கொடுயும் மனது நிம்மதியாபேலு எதற்கு இந்த வாழ்க்க,1
என்னால் என்னையே புரிந்துகொள்ள முடியவில்லை அப்படியென்றால் மற்றவர்கள் என்னை புரிந்து பார்க்கும் என்று நான் எப்படி எதிர்பார்க்கிறது,1
எல்லாரும் நிம்பதியா இருக்காங்க நான் மட்டும் எது நாளையும் போராடித்து இருக்கேன் எதுக்காக போராடித்து இருக்கேன்,1
கடவா திருந்திருக்கா திருக்க முடியுமா என்னால் இங்கே இருக்க முடியாது,1
எனக்கு எதுக்கு இந்த வாழ்க்கு ஒரு நாள் கூட சந்தோஷமா இருக்க முடியல எல்லாம் ஒரு கெட்ட கனவு மாதிரி இருக்கு,1
எனக்கு இப்ப தான் தோன்றுது நான் உன்னை எவ்வளவு நம்புனேன்னு ஆனா கடைசில நீ என்னை இப்படி ஏமாதிட்டு போய்ட்டாய்,1
நான் எப்போது எதற்கு இப்படி மாற்றேன் என்னை யாரும் மதிக்காது தோன்று நான் இப்படி மாறிவிட்டேன்ன ஐயோ எனக்கு என்ன செய்வது என்று எனக்கு புரியவில்ல,1
நாளைக்கு எனக்கு தானா கடை எனக்கு நேரம் இவரம் மட்டும் அது எனக்கு தெரியும்,1
எல்லா பிரச்சினையும் நான் மட்டும் இல்லையென்றால் எல்லாரும் நன்றாக இருப்பார்கள்,1
என் மனிது என்னை விட்டு போன மாதிரி இருக்கு,1
ஏன் நான் யாருக்கும் முக்கியும் இல்லை ஏன்,1
அண்ணுக்கூட என்னால் முடை முடையல யாரோ என்ன பின்னோரிலாம் இந்த பாதல் தெருக்கும் மாதிரி இருக்கும்,1
ஏன் என்னால் மட்டல்கள் மாதிரியும் வாழ முடியவேண்டும் பஸ்ட எப்போதும் இன்னுடன் தொடர்ந்து வருமா,1
என்னுடைய உணர்வுதலை யாரும் புரிந்துகொள்ள முடியாது அவர் முயற்சியும் செய்யமாட்டார்கள்,1
என் வாழ்க்கு என் கையில் இருந்து இவ்வளவு மூசமாக விட்டுவிட்டு இல்லாம் என்று எனக்கு தெரியவில்ல விட்டுக்குமும் மாட்டேன்,1
நம் பேரிலளும் போதுக்கொள்ள முடிவு செய்து போர்க்கொது,1
ஒரு நாள் புரியும் உனக்காக நான் தான் எல்லாம் மாற்றிக்டேன்னு அப்ப நீ யோசிச்சுப் பாக்குறப்பே நான் உன்னுடன் இருக்கவே மாட்டேன்,1
யாருக்கும் என்மேல் அக்கறு இருந்ததும் இல்ல எனக்கு வருமானுக்குட்டு நம்பிக்கையும் இல்ல,1
யாராவது என்னிடம் நீயும் முக்கியம்தான் நீ எவ்வளவு கஷ்டப்பட்டு தெரியும் என்று சொல்லியிருந்தால் நான் இந்த நிலைமைக்கு வந்திருக்கவே மாட்டேன்,1
என் மனித்தை என்னை விட்டு போன்று போலிருக்கிறது,1
இப்போது நான் வாழும் வாழ்க்கு இ என் வாழ்க்கை இல்ல என் வாழ்க்கை எப்போதுயோ ஒழுஞ்சு போச்சு,1
ஏதாவது ஆண்களுக்கு யாரும் வரம் வரும்பது எனக்குத் தெரியும்,1
என்ன பொறுமை என்ன நிதானு எவ்வளவு நாள்தான் இந்த வாழ்க்கை நான் தல்லிட்டு போவது நீ எனக்கு,1
என்னால் முடியாது என்னால் இங்க கண்டிப்பாக இருக்க வே முடியாது,1
ஜென்மத்தில் எனக்கு நிம்மதி கல்லிக்காது போல நான் என்ன பண்ணேனும் என்று எனக்கு தெரியவில்லை,1
அப்போ போ என்மேல உனக்கு அக்கறை இருந்தால் நீ கண்டிப்பாய் என்னை விட்டு போயிருக்க மாட்டாய் யாருக்கு தெரியும் நீ என்னுடன் உண்மையாகக் கூட இல்லை நீ,1
யாரும் நான் எப்படி இருக்கின்று கூட கேட்கமாட்டார்கள் கேட்டாலும் நான் பதில் சொல்வதற்கு முன்னாடியே போய்விடுவார்கள்,1
யாராவது எனக்கு வந்தால் அதில் சொல்வார்கள் என்று எதிர்பார்ப்பேன் ஆனால் யாருமே வர மாட்டார்கள்,1
உடுத்துக்கொடு ரொம்ப கிஷ்டமாக இருக்கு நான் என்ன பண்ணுவேன்,1
என் மனது என்னை விட்டுப் போன மாதிரி இருக்கிறது,1
இப்ப நீ சும்மா இருந்தா எனக்கு ரொம்ப பயமா இருக்கு ஏதாவது பெரிசா நடக்கப்போறு மாதிரி இருக்கு,1
இந்த ஜென்மத்தில் எனக்கு ஒருவாட்டிக்கூட நிம்மதிக்கு எடுக்காது போல நான் என்ன பண்ணுவேன்,1
எவ்வளவு நாளா ஓடிட்டிருந்து ஆனா இப்போ எல்லாம் முடிந்து போகும் போது,1
இந்த இடக்கில் எப்போதுமே தெரிய சத்தம் கேட்கும் போல இருக்கு என்னால் அதைத் தாங்க முடியவில்லை,1
எனக்கும் தெரியல இன்னும் எவ்வளவு நல்தான் நான் இப்படி இருப்பேன் என்று ஆனால் நான் சீக்கிரமா மறந்ததும் நல்லதான் இருக்கும்,1
கண்ணுக்குள் என்னால் உடையுள்ள யாரும் என்ன பின்னாலியில்லைன்னு பத்துட்டியுள்ள மாதிரி இருக்கும் மாதிரி இருக்கும்,1
கதவு திருந்திருக்கா திருக்க முடியுமா என்னால் இங்க இருக்க முடியவில்லை,1
ஐயோம்மா இயில்லையே என்னால் சந்திக்கக்கூட முடியாதா,1
என்னால் இன்னும் எவ்வளவு குறுத்துக்க முடியும் என்று தெரியல் என் மனத்தில் இருக்கும் பாரம் என்னை கொஞ்சம் கொஞ்சமா கொண்டு இருக்கு,1
எனக்கு அலுத்து போச்சு என்னை யாருமே புரிஞ்சுக்க வே மாட்டேன்குறாங்க,1
எனக்கு எதுவும் புரியல நான் ஏன் இப்படி இருக்கனோ தெரியல எல்லாரும் என்னை விட்டுட்டு போய்டாங்க,1
எல்லாமே நாளைக்கு பண்ணோன்று நினைப்பேன் ஆனால் எனக்கு இப்போது நாளைக்கு ஒரு விஜுக்குட்டு எனக்கு மிகவும் பிடிக்க மாட்டேன்கிறது,1
யாராவது என்னிடம் நீயும் முக்கியம்தான் நீ எவ்வளவு கஷ்டப்படுவது தெரியும் தான் நான் இந்த நிலைமைக்கு வந்திருக்க வை மாட்டேன்,1
கஷ்டத்தைப் பற்றிப் பேசுவதற்குள் எனக்கு யாருமே இல்லை,1
இன்னும் எவ்வளவு நாள்தான் இந்த மாதிரி இருக்கப்போறு என் உடம் மட்டும்தான் இங்க இருக்கும் ஆனா உயிரில்லை,1
எப்போதுமே என்னை பிரச்சியில் தல்லி விட்டுட்டே இருப்பதா அவர்களைக்குத்தான் செய்தார்,1
எல்லாரும் எல்லாருக்கும் கஷ்டம் வரும் சொல்கிறார்களானா ஏன் கஷ்டம் மட்டும் ஏன் ரொம்ப ஓக் ஜாச்தியா இருக்கு,1
என் மனையில் யாருக்கும் உண்மையாக்கரியாக இருந்ததும் இல்லை வரப்போவதும் இல்லை,1
கண்ணுகூட மூட முடியலா யாரோ என்னைப் பார்த்துக்கொண்டிருக்கும் கமாறை குறுக்கு,1
நா மட்டு தான் தப்பு பண்ணேன் என்று நினைக்குறியா இதுல நீயும் தான் தப்பு பண்ணேன் இனி என்னை சுத்தமா இதுல புரிந்துக்கொள்வேன் கிடையாது,1
தப்பிக்க முடியுமா இல்லை எனக்கு இது சந்திக்கக்கூட முடியாதா,1
நான் எதற்கு இதை செய்து கொண்டிருக்கிறேன் என்று புரியவில்லை,1
எல்லாருமே என்னால் முடியும் சொல்கிறார்கள் ஆனால் சின்னச் சின்ன விஷயத்திற்குக்குள்ளே நான் இவ்வளவு கஷ்டப்பட்டுவேன் என்று உங்களுக்குத் தெரியாது,1
இவ்வளவு நாளாக ஓடிட்டிருந்தேன் ஆனால் இப்போது எல்லாம் முடிந்து போகும் போல,1
எனக்கு எதுவும் சரியா நடக்கல்ல என் மனத்தில் ஒரே குழப்பமா இருக்கு நான் என்ன செய்யணோனே தெரியல்,1
நீங்கள் யாராவது என்ன புரிந்துகொண்டால்தான் ஏதாவது கூறுவதற்கு யாரும் என்ன புரிந்துகொள்ளவே நான் மட்டும் என்ன சொல்வேன்,1
இனி யாராவது புரிந்துட்டு இருந்தால் நான் இவ்வளவு தனியா இருந்திருக்க மாட்டேன்,1
என்மேல யாருக்கும் அக்கறை இருந்ததும் இல்ல யாருக்காத அக்கறை வருமா என்று எனக்கு நம்பிக்கையும் இல்ல,1
இப்பப் பத்தல பிரச்சினையும் தலையுட்டுட்டு இருக்காங்க நான் உங்களுக்கு என்ன செய்தேன்,1
எல்லாருமே வாழ்க்க முன்னால் போக வேண்டும் என்று சொல்கிறார்கள் ஆனால் ஏன் எனக்கு அதற்கான முயற்சி எடுக்குவதற்குக்கூட சக்தி இல்லை,1
நீ என்ன நினைச்சிட்டு இருக்க நான் என்ன முட்டாலா உன்னாலதான் நான் இப்படி இருக்க,1
இப்போலாம் எனக்கு தெரியல்ல எனக்கு எல்லாமே எப்படி விருத்து போன்று மாதிரி இருக்கு,1
அப்போப்போ என்மேல் அக்கறையா இருந்த இவ்வளவு சீக்கிரம் நீ போயிருக்க மாட்டாய் ஹா யாருக்கு தெரியும் நீ என்னுடன் பொய்யாகக்கூட இருந்திருக்கலாம்,1
இன்னும் எவ்வளவு நாள்தான் இந்த மாதிரி இருக்கப் போறு என் உடமும் மட்டும்தான் இங்க இருக்க ஆனால் உயிர் இல்ல,1
யாரும் என்னிடம் நான் எவ்வளவு முக்கியம் என்று சொன்னதும் இல்லை நான் எவ்வளவு கஷ்டப்படுகிறேன் என்று கேட்டதும் இல்லை,1
என்னை யாரும் புரிந்துக்கொள்ளலேன் நான் என்னதான் முயற்சி பண்ணாலும் எல்லாம் பிரச்சினில் போய் முடியுது,1
யாராவது எனக்கு வந்து அறிதல் சொல்லுவார்களா என்று எதிர்பார்ப்பேன் ஆனால் யாருமே வர மாட்டார்கள்,1
மதிர்வு திறந்திருக்காம் திறக்க முடியுமா என்னால் இங்கே இருக்கும் வே முடியவில்லை,1
எனக்கு எப்பொழுது எல்லாம் அழதும் ஒன்று நடுக்குமா ஏன் எனக்கு மட்டும் அப்படி ஒன்று நடிக்கவே மாட்டீர்கள்,1
நான் எதுவும் செய்ய முடியல நான் ஒரு தோழ்வி மாதிரி இருக்கேன் எல்லாரும் என்னை விட்டுட்டு போய்த்தாங்க,1
எனக்கு ரொம்ப அலுத்து போச்சு என்னை ஏன் யாருமே புரிந்துக்க மாட்டீர்கள்,1
குறை நிமிட்ஷதுக்குக்குட்டே என் மனது நிம்மதியாவில்ல எதுக்கு இந்த வாழ்க்க,1
எவ்வளவு நாள் தான் இந்த மாதிரி வாழ்றது என் அடுபம் மட்டும் தான் இங்க இருக்கு ஆனால் உயிரில்லை,1
எனக்கு நிம்மதி கிடிக்காதா ஐயோ நா இதற்கு மேல் என்ன தான் செய்யணும்,1
என்னால் இன்னும் எவ்வளவு தூரம் பொறுத்துக்கொள்ள முடியும் தெரியலை என் மனத்தில் இருக்கும் பாரம் என்னை கொஞ்சு கொஞ்சுமாகக் கொண்டு இருக்கிறது,1
இவ்வளவு நாளா ஓடிக்கொண்டு இருந்து இப்ப இலவே முடியப் போதான்,1
என்னால எதையும் முடிக்க முடியல எதை பண்டுதுக்கும் எனக்கு கொஞ்சம் கொடு இஷ்டமி வரமாட்டிங்கது,1
நாளைக்கு பண்ணோ என்று நினைப்பேன் ஆனால் இன்று இப்போது நாளைக்கு வருவதுக்குக்கும் பிடிக்க மாட்டிங்குது,1
மூச்சு அடங்குற மாதிரி இருக்கு இதும் கடந்து போகுமா,1
என்ன ஆகுது என்னால் எதையும் புரிந்துகொள்ள வே முடியல எல்லாம் திசைபாரி போன மாதிரி இருக்கு,1
எல்லாரும் எல்லாருக்கும் கஷ்டம் வரும்னு சொல்கிறாங்க ஆனா அவர்கள் பார்த்ததும் எனக்கு வந்ததும் ஒன்னா,1
யாராவது ஒருவருக்குள் என் பேச்சை கேட்குவதுக்கு தயாராய் இல்லை இனி யாரும் புரிந்துகொள்ளும் மாட்டின்றார்கள்,1
என்னை யாராவது புரிந்து திருந்தால் நான் இவ்வளவு தனியாக இருந்திருக்க மாட்டேன்,1
தொல்லும் மாதிரி எதுவும் சரியாய்டும் அப்படியெல்லாம் இல்ல எதுவும் ஒழுங்க நடக்கல்ல ஒவ்வொரு நாளும் ஒவ்வொரு போராட்டமா இருக்கு,1
எனக்கெல்லாமே வெறுப்பார்க்கு நான் இந்த வாழ்க்கு என்னுடைய சொத்தி இருக்கும் அங்கு,1
எனக்கு சந்தோஷம் திற மாதிரி ஒன்றுமே பெரியாக நடந்ததுல அதனாலே எனக்கு மறந்து போய்ச்சு,1
இப்படி சும்மா இருந்தால் எனக்கு ரொம்ப பயமா இருக்கு ஏதாவது பெருச்சம் நடக்கப்போகிற மாறிக்கு,1
எனக்கு ரொம்ப அலுத்து போச்சு என்ன ஏன் யாருமே புரிந்து கமாட்டு எங்கிருங்க,1
ஏன் என்னாலும் ஒருநாள் கட நிம்மதியாக இருக்க முடியலை ஒருநாளும் மிகவும் கஷ்டமாக இருக்கும்,1
யாரும் என் பின்னாடி வரமாறி தோதுது என்னாலே முடியாது என்னாலே இங்க கண்டிப்பு இருக்க முடியாது,1
என் வாழ்க்கை எவ்ளோ என் கைலே இருந்தால் நான் மம்பதமா பார்த்துக்கொண்டிருப்பேன் நான் நீ கப்பாடுக்குத் துருப்பேன்,1
என்னால் என்னையே புரிந்துக்கொள்ள முடியவில்லை அப்போது மற்றவர்கள் புரிந்து பார்க்கும்போது என்னை எப்படி எழுதிருப்பார்க்குறது,1
எனக்கு இந்த வாழ்க்கை ஒன்றும் புரியல நான் தவறா,1
எனக்கு எப்போமுமே கோம வருது அதை எப்படி அடக்குறது என்று எனக்கு தெரியல,1
எனக்கு எதுக்கும் தைரியம் இல்ல எப்படி மாறுறது,1
இப்படி சும்மா இருந்தால் எனக்கு மிகவும் பயமா இருக்கு என்னவோ நடக்கப் போகும்போல் பெரியாக நடன்றுமோ என்று பயமா இருக்கு,1
எல்லார் என்ன பார்த்து நினைப்பார்கள் எல்லாரும் என்ன பார்த்து சிரிப்பார்களா,1
என்னை யாரும் புரிந்துக்கலாம் நான் எத்தனைத்தான் முயற்சி பண்ணாலும் எல்லாம் பிரச்சினையாவே போய் முடியும்,1
நான் இப்போதும் நாயாவில்லை பேரே யார் மாதிரியும் நதையும் அடக்கிற மாதிரி இருக்கு எனக்கு,1
எனக்கு நான் பண்டது ஒன்றுமே மிகவும் பிடிக்க மாட்டேன்னு நான் எதற்கு இப்படி பண்டினு எனக்கு தெரியவில்லை,1
யாரும் என்னை விட்டுப் போய்விடும் என்று கூறும் நான் தனியாக இருந்தேன் என்ன ஆகும்,1
என்னால் என்னையே புரிந்துகொள்ள முடியவில்லை அப்போது மற்றவர்கள் என்னை புரிந்து பார்க்கண்ணால் எப்படி எதிர்பார்க்குவது,1
இவ்வளவு நாளாலோ ஓடிட்டி இருந்தேன் ஆனால் இப்போது எல்லாம் முடிந்த போகும் போல,1
யாராவது ஒருவருக்குட்டு என்னைப் புரிந்துக்கொண்டு அதுவே போதும் ஆனால் யாரும் நான் சொல்லுவதைக் கேட்பதற்குக்குக்குட்டு தயாராய் இல்ல,1
நான் எப்போது இப்படி மாறனேன் ஒரு காலத்தில் நான்கூட சந்தோஷமா தானே இருந்து ஏன் இப்போது என்னால் என்னே புரிந்துகொள்ள முடியவில்ல,1
அங்கே யாரும் இல்லாய் என்று தெரியும் ஆனா என் கண்ணுக்கு வேறு ஒன்று தெரியுது,1
யபகம் வர மாட்டேன்குது எவ்வளவு யோசிச்சுப்பத்தான் யபகமே வரல்ல,1
என்னால் வெள்ளில் அழக்கூட முடிகாது நான் பண்ணால் நடிக்கிறேன் என்று சொல்றார்கள் நான் என்னதான் பண்ணவேண்டும்,1
என்னுடைய தெரியுள்ளேன் என்னால் எதுவும் புரிந்துகொள்ள முடியுள்ளேன் எல்லாம் திசமாரி போனுமாரி இருக்கு,1
எல்லாரும் நிம்பதியாக இருக்கும் நாமட்டே ஏனும் போராலிட்டு இருக்க,1
என் கஷ்டத்தைப் பற்றி சொல்லுவது கூட எனக்கு யாருமே இல்ல,1
நான் எதற்கு இப்படி செய்கிறேன் என்று எனக்கு தெரியவில்லை நான் என்ன செய்வது என்று புரியவில்லை,1
என்ன நினைப்பார்கள் உங்களுடைய எல்லாம் என்னைப்பார்த்து சிரிப்பார்கள்,1
எனக்கு எதுவும் பிடிக்கவில்லை நான் இந்த வாழ்க்கை என்னை சுற்றி இருக்கிறவர்கள்,1
என் மனதுல நிறைய கேள்விகள் இருக்கு ஆனா பதில் ஒன்றும் கிடிக்கவில்ல நான் ஏன் இப்படி இருக்கனோ தெரியவில்ல,1
யாரும் என் பின்னால் வர மாதிரி இருக்கிறது என்னால் முடியாது என்னால் இங்கு கண்டிப்பாக இருக்கும் வே முடியாது,1
அங்கே யாரும் இல்லான்னு தெரியும் ஆனா என் கண்ணுக்கு வேறை ஒன்று தெரியுது,1
எல்லாருமே வாழ்க்க முன்னாடி போகணும் என்று சொல்கிறாங்க அதான் ஏன் அதற்காலும் முயற்சி எடுப்பதற்குக்கூட எனக்கு வந்து சக்தி இல்ல,1
நான் யாருமே இல்லை என்று தெரியும் ஆனாலும் என் கண்ணிக்கு அங்க வேறு யாருமே ஒருக்கிரம் மாதிரி இருக்கு,1
எல்லாரும் ஒன்னா இருக்குட்டும்,1
எதுக்கும்மே எனக்கு அர்த்தம் தெரியல இந்த மாதிரி வாழ்வத்தில் பிரியாசம் இருக்கானு எனக்கு புரியல நான் எதுக்கு இன்னும் எப்படி இருக்கன்,1
யாரோ என் பின்னாடி வரமாறி தோன்று என்னால முடியாது என்னால இங்க கண்டு பெறுக்க முடியாது,1
எனக்குதான் வாக்கிடுவோம் எனக்கு மிகவும் பகியமாக இருக்கிறது,1
அப்பப் போ உனக்கு என்மேல உண்மையால் மே அக்கறியா இருந்திருந்தா நீ போயிருக்கமாட்டா யாருக்கு தெரியும் நீ பொய்யா கூட இருந்திருக்கலாம்,1
ஏதோ பெருச்சை நடக்கப்போக மாறி பயமா இருக்கு,1
இவ்வளவு நாளாக உளிட்டு இருந்து இப்ப இலவே மெடியப் போதா அப்பு,1
இந்த இடத்தில் எப்போதுமே பெரிய சத்தம் கேட்கும் போல இருக்கு ஏன்கால் அதைத் தாங்கதே முடியவில்லை,1
யாரும் நான் என்ன செய்கிறேன் என்று கேட்க மாட்டாங்க கேட்டாலும் அந்தப் பதில் சொல்வதற்கு முன்னால் ஏற்படுவாங்க,1
ஏய் நயாயர்க்கும் கிமானி,1
என் மனது என்னை விட்டு போன மாதிரி இருக்கு,1
கண்கல் அன்பளவுக்கு கஷ்டம் இருந்தாலும் அந்த கஷ்டத்தைப் பற்றி நான் யாருக்கட்டியும் சொல்ல முடியாது,1
என் கஷ்டத்தைப் பற்றி பேசுவதற்குள்ளு எனக்கு யாருமே இல்லை,1
என் ஆளுக்கு ஒருந்தாள் கூட நிம்மதியா போனதே இல்ல,1
யாரோ என் பின்னாடி வர மாறி தோன்னுது என்னால முடியாது என்னால இங்கு கண்டிப்ப இருக்க முடியாது,1
நான் நனவில்லை இப்போதும் வேற யாரும் மாதிரியும் நல்லுந்துட்டு இருக்கிறது,1
நாளைக்கு எனக்கு ஏதாவது ஆனால் கூட எனக்கால் என்னுடைய யாரும் வரமாட்டார்கள் அது எனக்கு தெரியும்,1
என்னால் இந்த இருட்டை பார்த்துக்கொள்ள மடியும் அன்னா இந்த இருட்டு முடிந்தது நான் என்ன பண்ண வேண்டும் என்று எனக்கு தெரியாது,1
யாருக்கும் தெரியாது நான் இவ்வளவு பஷ்டப்பட்டு இருக்கிறேன் என்று யாரும் புரிந்து போடு முயற்சி செய்ய மாட்டார்கள்,1
எனக்கு எதுவும் வேண்டாம் நான் தனியாய் இருக்கணும் யாரை என்ன தொந்தரவு பண்ணாதீங்க,1
எனக்கு எதுவும் சரியா நடக்கல்ல என் மனத்தில் ஒரே குழப்பமா இருக்கு நான் என்ன செய்யனுன்னு எனக்கு தெரியல்ல,1
கண்கலும் அலவுக்கு வலி இருந்தாலும் என்னால் யார்க்கட்டியும் சொல்ல முடியாதே,1
எல்லாருக்குமே நிமதி கிடைத்தது ஆனால் நான் மட்டும் இதற்காக இன்னும் போராடிட்டு இருக்கேன்,1
என்னால்தான் எப்போதுமே எல்லாருக்குமே கஷ்டும் நாமட்டும் இல்லையென்றால் எல்லாரும் நல்ல இருப்பாங்க,1
நான் ஏன் இதுக்கு ஏன் இப்படி மாற்றேன் என்று எனக்குப் புரியவில்லை என்னை யாரும் மதிக்கும்தாலே ஐயோ நான் என்ன பண்ணுவேன்,1
ஏன் என்னால் மட்டுமலர் மறியும் வர முடியவில்லை ஏன் எனக்கு மட்டும் இவ்வளவு கஷ்டம் வந்துட்டே இருக்க,1
எனக்கு எதுவும் சரியா இல்லை நான் ஏன் இப்படி இருக்கின்னு தெரியவில்லை எல்லாம் என்னால்தான் கிட்டு போச்சு,1
நான் யாருமே இல்லது தெரியும் அனுமது என் கண்ணிக்கும் வேறு ஏதாவது இருக்கிறது,1
எனக்கு எல்லாமே நாளைக்கு வரணம் என்று நினைக்கிறான் ஆனால் எனக்கு இப்போது நாளைக்கு வருவதுக்குக்கூட பிடிக்கவில்லை,1
எனக்கு எதுக்கு இந்த வாழ்க்கை ஒரு நாள் கூட சந்தோஷமா இருக்க முடில்ல இதெல்லாம் ஒரு கெட்ட கனவு மாதிரி இருக்கு,1
நீக்குமே தயிரமே இல்லை நான் இதிலிருந்து எப்படி மாறுகிறது,1
என்ன பொறுமை என்ன நிதானம் எவ்வளவு நாள் தான் இந்த வாழ்க்கை இப்படி தல்லிட்டே போறது,1
பிக்க முடியும் இல்லையென்றால் சண்டிக்குக்குட்டு முடியும் அதான்,1
அன்றால் நான் மட்டும் இங்கேயாவது தனியே அமர்ந்துட்டு இருப்பேன் எப்போதுமே இப்படித்தான் நடக்கும்,1
என் மனத்தில் நிறைய கேள்விகள் இருக்கு ஆனால் பதில் ஒன்றும் கிடைக்கவில்லை நான் ஏன் இப்படி இருக்கன்னும் தெரியல்லை,1
எப்படி இருந்து யோசித்து பார்த்தால் எனக்கு சிரிக்கும்தான் அல்லவுதான் என்று எனக்கு தெரியவில்லை,1
என் வாழ்க்கு என் கையில் இருந்தந்தால் இவ்வளவு மூசமாக விட்டுவிட்டுவிட்டான் என்று எனக்கு தெரியவில்லை,1
எனக்கு வேறு உங்களிடம் ஒரு வாட்டி பேச்சுண்டு ஆனால் நான் பேசுவதுகூட உங்களுக்கு கேட்குவது தயாராய் இல்லை,1
எனக்கு இந்தப் பழக்கையும் ஒன்றும் புரியல நான் தவறா,1
யாராவது எனக்கு வந்து ஆர்த்துல் சொல்லுவாங்கலான் என்று நான் எதிர்பார்ப்பேன் ஆனால் யாருமே வருமாட்டாங்க,1
நான் வாழும் இந்த வாழ்க்கை என் வாழ்க்கை இல்லை என் வாழ்க்கை எப்படியோ முடிந்து போச்சு,1
ஏன் என்ன எல்லார் இப்படி கஷ்டப் படுத்துறாங்க நான் யாருக்கு என்ன பாவம் சென்றேன்,1
என் மூச்சி அடங்கிடும் மாதிரி இருக்கு இதுவும் கடந்து போயிடுமா,1
என்னதான் நான் செய்யலை யாருமே என்னைக் காப்பத்து மாட்டார்களா,1
தப்பிக்க முடியுமா இல்லை எனக்கு இதை சம்திக்கக்கூட முடியாதா,1
நீயே என்னிடம் இப்படிப் பேசுற உன்னாலதான் நான் இவ்வளவு கஷ்டப் போட்டுட்டு இருக்கேன் கடச்சில எல்லா பல்லியோ என்மேல துக்கிப் போடாதே,1
என் வாழ்க்கு ஒரு நாள்கூட நிம்மதிய பூவே இல்லை,1
எதுவும் சரியா நடக்கணோணி இல்லை ஒவ்வொரு நாளு ஒரே போராட்டமா இருக்கு எதுவும் ஒழுங்க நடக்க வே மாட்டேன் து,1
ஒரு நாள் புரியும் நான் தான் உனக்காக எல்லாம் மாற்றிக்டேன்னு அப்பு நீ யோசித்து பாக்குறப்பு நான் உன்னுடன் இருக்க மாட்டேன்,1
என்னால் மற்றவர்கள் முன்னேறி எழுவு கொடும் முடியாது நான் அழுதான் நைலாரும் நடிக்கிறேன் என்று சொல்கிறார்கள் நான் என்னதான் செய்யவேண்டும்,1
என்னால் எதுவும் செய்ய முடியல நான் ஒரு தோய்வி மாதிரி இருக்கேன் எல்லார் என்னை விட்டு போய்விட்டார்கள்,1
மகிழ்ச்சியை வந்து ரொம்பல் நாள் ஆயிற்று அதனால் என்னவோ தெரியவில்ல மகிழ்ச்சியை மறந்து போய்விட்டது,1
இப்படி சும்மா இருந்தா எனக்கு ரொம்ம பயமா இருக்கு ஏதாவது பெரசு நடக்குப்போற மாதிரி இருக்கு,1
எனக்கு எப்போமுமே கோம வருது எனக்கு அது எப்படி அடக்குறது என்று எனக்கு தெரியல,1
இனி யாராவது உண்மையாய் புரிந்து யோர்ந்தான்னா நான் இவ்வளவு தனியா இருப்பேன்னா,1
யாருமே இல்லை என்று தெரியும் அனாலும் என் கண்ணுக்கு அங்கு வேறு ஒன்று இருக்கும் மாதிரி இருக்கும்,1
என் மூச்சி அடங்கிடு மாதிரி இருக்கு இதவும் கடந்து போய்டுமா,1
எனக்கு எதுவும் சரியா இல்ல நான் ஏன் இப்படி இருக்கேன்னு தெரியல எல்லாம் என்னால்தான் கேட்டு போச்சு,1
நீங்கள் சொல்லும் மாதிரி எதுவும் சரியாய்டும் இல்ல எதுவும் ஒழுங்க நடக்க மாட்டீங்து ஒவ்வொருவரும் ஒவ்வொன்னு சொல்லும்,1
என்னாலும் ஒருநாள்குள்ளும் நிம்மதியாக இருக்க மடியுள்ளேன் அல்லவா நாளும் மிகவும் கிஷ்டமாக இருக்கும்,1
நீ என்ன நினைத்துட்டு இருக்கும் நான் என்ன லூசா உன்னை நம்பந்ததுனாலது நான் இவ்வளவு கஷ்டப் போட்டு இருக்கும்,1
எப்படி சும்மா இருந்தால் எனக்கு மிகவும் பயமா இருக்கு ஏதாவது பெருசு நடக்கப்போகும் மாதிரி இருக்கு,1
என்னுடைய உணர்ச்சித்துன்னால் யாராலும் புரிந்துக்கொள்ள முடியாது அவர் புரிந்துக்கொள்ள நினைத்தாலும் அவர் நான் முடியாது,1
தப்பிக்க முடியமா இல்லை எனக்கு இந்த சந்திக்குக்கூட முடியதா,1
எனக்கு எவ்வளவு யோசிட்டு பார்த்தாலும் ஞாபகமே வரமாட்டேன் து இனி தெரியவில்லை எனக்கு ஒன்றும் ஞாபகம் வரலாம்,1
எனக்கு ஏதாவது ஆயிடுமோ எனக்கு ரொம்பவே பயமா இருக்கிறது,1
எனக்கு எப்பவமே கோவம் வருது அதை எப்படி அடக்குறது என்று எனக்கு தெரியல,1
எனக்கு எதுவும் சரியா நடக்கல என் மனத்தில் ஒரே குழப்பமா இருக்கு நான் என்ன செய்யணோன்றே தெரியல,1
இந்த வாய்க்கைப் புரியவில்லை நான் தவறாக,1
ஏருக்கும் இவ்வளவு முக்கியம் இல்லைல்லை பரவாயில்ல நான் என்ன எதிர்பாத்தை என்று எனக்கே தெரியவில்லை,1
எனக்கு எதுவும் புரியல நான் ஏன் இப்படி இருக்கன்னு தெரியல எல்லாரும் என்னை விட்டுட்டு போய்ட்டாங்க,1
என்ன ஆவது நானே புரிந்துகொள்ள முடியலா எல்லாமே இது சமாரி போயிடுச்சு,1
தான் என் மனசைக்கு நிம்மதி கிடிக்க மோத்தே இல்லை ஏன் எனக்கும்போது எப்போதும் இப்படி ஐட்டி இருக்கு,1
யாருக்கு என்ன பாவம் செஞ்ச ஏன் என்ன எல்லாரும் இப்படி கஷ்டப் படுத்திட்டு இருக்காங்க தெரியும்,1
இப்படி சும்மா இருந்தால் எனக்கு ரொம்ப பயமா இருக்கு இதாவது பெருச்சு நடக்கப்போர மாதிரி இருக்கு,1
இன்னும் கொஞ்சம் நாள்ல இன்னும் ஆகப்போகிறது எனக்கு தெரியவில்ல எதையும் நம்ப முடியவில்ல,1
நான் என்ன செய்து என்று எனக்கு புரியவில்லை ஆனால் வேறு என்ன செய்வது எனக்கு தெரியவில்லை புரியும் மாட்டிங்குது,1
ஒரு நிமிட்ஷத்துக்குக்குள் என் மனது நிம்மதியாவே இல்ல நான் எதுக்கு இப்படி இருக்கணும்,1
ஏதோ பெரிசா நடக்கப்போகும் மாதிரி எனக்கு ரொம்பவே பயமா இருக்கு,1
எனக்கு எப்பொழுது நலது நடக்கும் ஏன் எனக்கும் ஒட்டும் அப்படி ஒன்று நலக்கும் வே மாட்டியும் இது,1
எனக்கு மிகவும் கஷ்டமாக இருக்கிறது நான் என்ன செய்வேன்,1
எனக்கு எதுக்கு இந்த வாழ்க்க ஒரு நாள்கூட சந்தோஷமா இருக்க முடில்ல இதெல்லாம் ஒரு கெட்ட கணவு மாதிரி இருக்கு,1
என் வாழ்க்கு ஒரு நாள் கூட நிம்பதியா பூவே மாட்டேன்குது,1
யாரும் என் பின்னாலி வர மாதிரி இருக்கு என்னால் இது முடியாது என்னால் எங்க கண்டிப்பா இருக்கவே முடியாது,1
அப்படின்னா என் வாழ்க்கையில் ஏதாவது ஒன்று நிலைக்குமா அப்படி நிலையில் நான் மிகவும் மகிழ்ச்சியாக இருப்பேன்,1
எனக்கு இப்ப தான் தோன்றுது நான் உன்னை எவ்வளோ நம்பனேன்னு ஆனா கடைசில நீ என்னை இவ்வளோ ஏமாதிட்டு போய்ட்டாய்,1
நாளைலிந்து எல்லாமே பண்ணலான்னு நினைப்பேன் அனால் எனக்கு அந்த நாளைக்கு வருதுக்குக்குட்டு பிடிக்கவில்ல,1
நா இப்போது இப்படி மாறுந்தேன் என்று எனக்கே தெரியவில்லை,1
எனக்கு சந்தோஷம் தர மாதிரி ஒன்றும் நடந்ததே இல்லை இப்போது திக்கப் பெரிசா அதனாலே எனக்கு இப்போது சந்தோஷம் எப்படி இருக்கும் என்று மறந்து போச்சு,1
நீ ஏன் இப்படி பேசுற உன்னால தான் நான் இவ்வளவு கஷ்டப்பட்டு இருக்க எல்லா பலியும் இப்ப ஏன் மேல போடாதே,1
எதுவும் சரியாய்டும் அப்படின்லாம் கிளையாது எதுவும் ஒழுங்க நடக்கவே மாட்டேன்னு ஒவ்வொரு நாளு ஒரே போராட்டமா இருக்கும் காதல்,1
எனக்கு மிகவும் மிகவும் அமர்ந்ததைக் கூறுவதற்கும் எனக்கு மிகவும் மிகவும் வரியாக இருக்கிறது என்ன செய்வேன்,1
என்னால் ஒரு நாள் கூட நிம்மதியாக இருக்க முடியவில்ல எல்லா நாளும் மிகவும் கஷ்டமாக இருக்கு,1
எப்போதான் இந்த மனதுக்கு நிம்மதி கிடைக்குமோ தெரியவில்லை,1
என்னாலும் எதையும் புரித்துக்கொள்ள வே முடியவில்ல எல்லாமே மிகவும் திசை மாறி போன மாதிரி இருக்கு,1
எனக்கு எப்பாது நல்லவும் நடக்கும்னு எனக்கு மட்டும் அப்படி ஒன்று நடக்க வே மாட்டிங்குது,1
எல்லாரும் என்னாலும் முடிவு என்று சொல்கிறார்கள் ஆனால் சின்னச் சின்ன விஷயத்திற்குக்கூட நான் இவ்வளவு கஷ்டப்பட்டுவிட்டேன் என்று உங்களுக்குத் தெரியாது,1
எனக்கு எதுவும் வேண்டாம் நான் தனியாய் இருக்கணும் யாரும் என்ன தொந்தரவு பண்ணாதீங்க,1
என்ன பொறுமை என்ன நிதானம் எவ்வளவு நாள்தான் இந்த வாழ்க்கை நான் தல்லிட்டு போவது,1
எல்லோருமே என்னை வெட்டு போய்விடு வாங்கும் நான் தனியாக இருந்தால் எனக்கு என்ன ஆகும்,1
ஏதோ பெரிசா நலைகப்போகும் மாதிரி எனக்கு ரொம்ப பயமா இருக்க,1
ஒருவாட்டி ஒரே ஒருவாட்டி கூட இனிய யாருமே இந்த வீட்டில் புரிந்து கொண்டது இல்லை,1
நான் எப்போது இந்த மாதிரி மாற்றின்னேன் ஒரு காலத்தில் நான்கூட சந்தோஷமா தான் நிருந்தேன் ஏன் இப்போது என்னாலே என்னை புரிந்துக்குமுடியல,1
எனக்கு இப்போலாம் தெரியவில்லை எல்லாமே ரொம்மை வெருத்து போன மாதிரி இருக்கு என்ன செய்வது என்று தெரியவில்லை,1
இங்கு இருக்கும் ஒரு வித்தம் ஒரு அது நாரிக்கின் அல்ல இங்கு யாரும் தெரியும்,1
நீங்கள் யாருமே என்னைப் புரிந்துவிட்டால் அப்போது உங்களிடம் விட்டும் இப்போது ஏதாவது சொல்லி என்னால் போகும்போது பெரிசாக்,1
ஏன் அவ்வளவு மட்டும் அனைவரும் வாழ முடியும் ஏன் இப்பப் பத்தலில் எனக்கு மட்டும் கஷ்டம் வந்துட்டிருக்கிறது,1
நான் இதல்லாம் எப்படித்தான் மாறுமேனோ,1
ஒரு நிமிடம் கூட என்னாலும் நிம்மதியா வே இருக்க முடியல நான் எதற்கு இந்த மாதிரி குஷ்டப் பட்டேன்,1
என்னை விட்டு போய்டு ஆனா ஒன்னும் நிாபகம் வச்சுக்கோ உன்னாலதான் என் வாழ்க்கை இவ்வளவு நாசமா போச்சு,1
என்னால் இன்னும் எவ்வளவு தூருந்தால் போவதுக்கும் முடியும் என்று தெரியல் என்னால் இந்த வாரத்தைத் தாங்க வே முடியவில்ல,1
ஒருவருகூட என்னுடன் புரிந்துகொள்மார்ட்டு இருக்கன்றார்கள் யாரும் என்னுடன் புரிந்துகொள்ளவில்லை என்றால் நான் என்னதான் செய்வது,1
எல்லாரும் வாழ்க்கை முன்னாடி போகின்று கூறுகிறார்கள் ஆனா அதற்கால்னும் முயற்சி கூட எனக்கு எதுக்கு இஷ்டம் இல்ல,1
நான் எப்போமே சந்தோஷ்மான் இருக்கும் மாதிரி நடிக்கவேண்டும் ஏனென்னா என்னுடைய வலி வந்தால் யாரால் இவளுடைய தாங்க முடியாது,1
நான் நானா இல்லை எனக்கு தெரியவில்லை வேறை யாரும் அரையோ நடந்துட்டு இருக்கிறேன்,1
எனக்கு எதுவும் பிடிக்கவில்லை நான் இந்த வாழ்க்கை என்னுடைய சுற்றி இருக்கும் வங்கு,1
என்னுடைய உண்மையில் யாரும் புரிந்துகொள்ள முடியாது அவர்கள் மயர்ச்சியைப் போன்றாலும் அவர்களில் புரிந்துகொள்ள முடியாது,1
எனக்கு சந்தோஷம் திற மாதிரி ஒல்லும் பெரிசா நடந்ததே இல்ல அதனாலே எனக்கும் தெரியவில்லை அது எப்படி இருக்கும் எனக்கும் மறந்து போச்சு,1
நான் எதுக்கு இப்படி வாழ்ந்து துருக்கிறேன் இதை எல்லாதற்கும் ஏதாவது அர்த்தும் இருக்கானவே என்று தெரியவில்லை இந்த மாதிரி வாழ்க்கைகளில் ஏதாவது பரியோஜ்னு இருக்கான்,1
அங்கே யாரும் இல்லாம் என்று தெரியும் ஆனால் என் கண்ணுக்கு வேறு ஒன்று தெரியுது,1
எனக்கு என்ன பண்டுதான் நீ தெரியல்ல எனக்கு எல்லாமே வெறுத்து போன மாதிரி இருக்கும் போலாம்,1
என் மனதுக்கு நிம்மதிக் கிடைக்கும்மா என்று தெரியவில்லை ஏன் எனக்கு மட்டும் இப்போதும் எப்படி ஆகுது,1
துருகா நாய் எதற்கு இருக்கின்னு எனக்கே புரியல நாய் எதற்கு இன்னும் வாழணும் ஏன் நாய் இன்னும் இது செய்துள்ளது,1
என் மனித்து என்னை விட்டுப் போன்ற மாதிரி இருக்கிறது,1
என்ன தான் செய்யவில்லை இவை யாருமே காப்பத்துவி மாட்டார்களா,1
எனக்கு ஒன்றும் நினைப்புக்கொள்ளலை எவ்வளவு யோசித்து பார்த்தாலும் என்னாலும் ஒன்றும் நினைப்புக்கொள்ள முடியவில்லை,1
எல்லாமே முடிந்துலோ என்று பெருமர்க்கு என்னாலும் இத தாங்க முடியல,1
அன்றால் அனைவரும் என்னை வெட்டு போய்விடு வாங்கில்லை நான் தனியே இருந்தால் எனக்கு என்ன ஆகும்,1
எனக்கு எதற்கும் மே தயரியமே இல்லை நா இதிலிருந்து எப்படி மாறுவேன்,1
எனக்கு நிம்மதி கிளைக்கும்போது ஒரு நாள் கூட இந்த வாழ்க்கையில் நான் நிம்மதியாக இருந்தது இல்லை,1
சரி யாருக்கும் என் வலி முக்கியம் இல்லைல்லை பரவாயில்லை நான் என்ன எதிர்பார்த்து என்று எனக்கு தெரியவில்லை,1
எனக்கு எப்போமுமே கோம வருது இந்த கோவத்தை எப்படி அடக்குறது எனக்கு தெரியல,1
என்னதான் செய்யலேனா யாரும் என்னைக் காப்பாற்ற மாட்டாங்களா,1
எனக்கு வேறு உங்களிடம் ஒருவாட்டி பேசணம் அனால் நான் சொல்லுவது ஒன்று கூட உங்களுக்கு கேட்க வே மாட்டாங்க,1
எனக்கும் எதாவது செய்யவேண்டும் என்று ஆசை இருக்கு ஆனால் என் உள்ளுக்குள் ஒன்றுமே இல்ல அப்போது நான் என்ன செய்வேன்,1
யாரும் நான் எப்படி இருக்கின்று கேட்கமாட்டாங்க கேட்டாலும் நான் பதில் சொல்வதற்கு முன்னாலியே போய்விடுவாங்க,1
உனக்கு ஒரு நாள் புரியும் நான் தான் உனக்காக எல்லாம் மாற்றிக்கொண்டேன்னு ஆனா அப்பு நீ நினைத்து பாத்தால் நான் உன்னுடன் இருக்க மாட்டேன்,1
ரிஸா நிலைக்கப்போறு மாதிரி எனக்கு ரொம்ப மக்கமா இருக்கு,1
ஓ நாமட்டும்தான் தப்பு பண்ணேன் என்று நினைக்கிறாயா நீயும்தான் தப்பு பண்ணேன் நீ எண்ணிக்கு என்னை புரிந்துகொண்டேன்,1
என்னாலே எதையும் முடிக்க முடியவில்லை எனக்கு எதை செய்ததுக்கும் கொந்துகொள்ள இஷ்சமி வரமாட்டிங்குது,1
ஏதோ பருச்சம் நடக்கப்போது மாறிப்பாய்மா இருக்கு,1
ஒருநாள் கூட என் வாழ்க்கு நிம்மதியாவே போனது இல்ல,1
யாரும் புரிந்து கொட்டு மீர்சியும் செய்யும் போன்று இருக்கிறார்கள் நான் யாருக்கும் அவ்வளவு முக்கியம் இல்லையா,1
மதில் ம்,1
என்ன நினைச்சுட்டு இருக்கு நான் என்ன லூசா நான் உன்னாலதான் இவ்வளவு கஷ்டப்படுட்டு இருக்கும்,1
இந்த ஜன்மத்தில் எனக்கு நிம்மதி கிடிக்காதா ஐயோ நான் என்னதான் செய்வேன் இதற்கு மேல,1
எனக்கு எதுக்கு இந்த வாழ்க்கு ஒரு நாள்கூட சந்தோஷமா இருக்க முடியல இதல்லாம் ஒரு கெட்ட கனவு மாதிரி இருக்கு,1
எல்லாரும் சொல்கிறார்கள் என்னால முடிவுணட்டு ஆனால் சின்னச் சின்ன விஷயத்திற்குக்குள்ளே நான் எவ்வளவு கஷ்டப்படுகிறேன் என்று எனக்கு மட்டும் தான் தெரியும்,1
இதால எதையும் முடிக்க முடியல என்னால அது முயற்சி பண்டதுக்குக்குள் இஷ்டம் வரமாட்டிங்குது,1
என்னைப்பது என்ன நிலைப்பாங்க என்னைப்பாது சிரிப்பாங்கலா,1
பத்தை பேசுவதற்கும் ரொம்பதே பயப்பட வேண்டியதா இருக்கு ஏனென்னும் ஆகும் என்று எனக்கு தெரியாது இல்லை,1
நாய் இருந்தாலும் இல்லாட்டியும் ஒரு வித்தியாசமும் உறப்போவது இல்லை நாய் இருக்கனையிலேயே நான் கூட கவினிக்க மாட்டாங்க,1
எல்லாரும் ஒன்று இருப்பாங்க ஆனால் நான் விட்டு இப்போதுமே தனியாக எங்கேயாவது உக்காந்திட்டு இருப்பேன் என்ன தான் பண்ணு வேண்டும்,1
எப்போதும் என் மனதுக்கு நிமுதி கிடைக்கும் எனக்கு தெரியும் என்று ஏன் எனக்கு வர்ட்டு எப்படியாவது,1
இன்னால் நிம்மதியாக வாழ முடியும் மான் ஒரு வாடிக்கூட எனக்கு மன்னியும் நிம்மதி கிடைத்ததுல்ல,1
என் முகத்தை அழங்கும் மாதிரி இருக்கு ஏதோ கடந்து போகுமாம்,1
இருந்தாலும் எல்லாவற்றியும் ஒன்றும் மாறப்போகும் இல்லை யாரும் நான் இல்லாததைக்கூட கவனிக்க மாட்டார்கள்,1
எனக்கு எதுக்கும் தயவுமில்ல எப்படி மாறுறது,1
என்னை யாரும் புரிந்துகொள்ளல நான் என்னதான் முயற்சி பண்ணாலோ எல்லாம் பிரச்சினையா முடிது,1
நான் ஒரு நாள் கூட வாழ்வதில் ஒரு பெரிய வித்யம் சம்மும் நடக்காது நான் இருக்கின்னால் இல்லை எனக்குள் யாருக்கும் தெரியாது,1
என்னால் நீ புரிந்துகொள்ள முடியவில்லை அப்போது மற்றவர்கள் என்னை புரிந்து பார்க்கும் என்னை எப்படி எதிர்பார்க்குவது,1
கண்கல் என்ற பிரச்சினை இருந்தாலும் என்னால் அதைப்பற்றி யாருக்குட்டும் சொல்ல முடியாது,1
என்னாலும் ஒரு நாள்கூட நிம்பதியாக இருக்க முடியவில்லை எல்லா நாள் மிகவும் கஷ்டமாக இருக்கிறது,1
என் கஷ்டத்தைப் பற்றி சொல்வதற்குக்கூட எனக்கு யாருமே இல்லை,1
ஓ நா மட்டு தான் தப்பு பண்ணேன் நினைச்சியா நீயும் தான் தப்பு பண்ணேன் நீ என்ன சுத்தமா புரிந்துக்க வே இல்ல,1
எனக்கு எதுவும் சரியா இல்லை நான் ஏன் இப்படி இருக்கின்னு தெரியவில்லை எல்லாம் என்னால் கெட்டு போச்சு,1
நான் எப்படி இருந்தது என்று நினைத்துப் பார்த்தால் எனக்கு சிரிக்கும்தால் இல்லாலும் இருதான் எனக்கு தெரியவில்லை,1
நான் எப்போதும் ஆரணின் நானும் ஒரு காலத்தில் மகிழ்ச்சியாக இருந்தேன் இனியே புரிந்துகொள்ள முடியவில்லை,1
யாராவது ஒருவருக்கும் கூட என்னைப் புரிந்துகொள்ள மாட்டின்றார்கள் யாராவது ஒருவருக்கும் புரிந்தால் கூட என்ன கதவி பூதும்,1
நான் பட்ட அம்மா மதியும் பஷ்சத்துப்பதி புரியாதே யாரும் யாரும் புரிந்துகொள்ள மாட்டேன் வே,1
இன்னும் எவ்வளவு நாள்தான் நான் இப்படி இருக்கப்போகிறேன் என்று தெரியவில்லை அதனால் ஏதாவது மாற்றுனால் நன்றாகத்தான் இருக்கும்,1
ஒரு ஒரு வாட்டிக்கூட யாருமே புரிந்துகொண்டு எதுவும் இல்லை,1
யோ நான் இன்னவா மாறிவிட்டேன் நான் இனியே எப்படி மாறுனான்,1
கண்ணுகூட மூட முடியலா யாரோ என்னை பார்த்துக்கொண்டு இருக்குங்க மாதிரி இருக்கு,1
நல்லா இருக்கின்னு சொல்லுவதற்குட்டும் எனக்கு மிகவும் கஷ்டமாக இருக்கிறது நான் என்ன பண்ணு,1
என்னைத்தான் செய்யவில்லை என்னை யாருமே காப்பாற்ற மாற்றார்களாம்,1
என்னுடைய கஷ்டம் என்னுடைய சோபத்தைப் புத்திப் பேசும் யாராலும் புரிந்துகொள்ள முடியும்,1
நான் அலுரைத்துக்கூட என்னால் வெள்ளி காமிக்க முடியும் நான் காமிச்சேன் அல்லவும் நான் நடிக்குறேன் என்று சொல்றுவாங்க நான் என்ன தான் பண்ணுவேன்,1
நான் எப்போதும் மீண்டும் மகிழ்ச்சியாக இருக்க வேண்டும் ஏனென்னால் என்னுடைய வலி வெள்ளி வந்தால் யாராலியோட தாங்க முடியாது,1
நான் எல்லார் கேட்டியும் நல்லதான் பேசுகிறேன் நல்லதான் சிரிக்கிறேன் ஆனால் ஏன் எல்லாமே ஒரு நாடகமா இருக்கு,1
அப்பப்போ உனக்கு என்மேல உண்மையால் அக்கறையா இருந்துருந்துனா நீ என்னை விட்டிட்டு போயிருக்க மாட்டா ஹம் யாருக்கு தெரியும் நீ பொய்யா கூட இருந்திருக்கலாம்,1
எனக்கு எதுவும் சரியா நடக்கல என் மனத்தில் ஒரே குழப்பமா இருக்கு நான் என்ன பண்ணனுனே எனக்கு தெரியல,1
நான் மனதுல நிறைய கெள்விகள் இருக்கு ஆனால் பதில் ஒன்றும் கிடைக்கலாம் நான் ஏன் இப்படி இருக்கினோ தெரியல்ல,1
நான் யாருக்கும் முக்கியம் இல்லை என்று கேட்பையோ தெரியும் அன்னால் நான் இன்னும் இன்னும் எதிர் பார்த்துட்டு இருக்கின்னது எனக்கு புரியவில்லை,1
தப்பிக்க முடியுமா இல்லை எனக்கு இந்த சந்திக்கக்கூட முடியாதா,1
ஐயோ நான் இன்னும் மாறிட்டேன் ஏன் நான் இப்படி மாறுகிறேன் இப்போ,1
எவ்வளவு வாட்டி என்னை பிரச்சினையில் தலையுடுவாங்க நான் உங்களுக்கு என்ன பண்ணேன்,1
என்னால் எதுவும் செய்ய முடியவில்லை நான் ஒரு தோழி மாதிரி இருக்கிறேன் எல்லார் என்னை விட்டு போய்விட்டார்கள்,1
யாருக்கும் முக்கியமா இருந்ததே இல்லை,1
என்ன செய்யும் என் வீட்டு போல மாதிரி இருக்க,1
நிமதி அப்படினும் ஒன்று எனக்கு எதாவது ஒரு நாள் கூட கிடைத்தால் நான் மிகவும் மகிழ்ச்சியாக இருப்பேன்,1
என்னால் இந்த இருட்டை பார்த்துக்கொள்ள மடியும் அன்னா இந்த இருட்டு முடிந்தது நான் என்ன பண்ண வேண்டும் என்று எனக்கு தெரியாது,1
என் மூச்சி அடங்கிடு மாறி இருக்கு இதுவும் கடந்து போயிடுமா,1
என்னை விட்டு போய்டு ஆனால் ஒன்னு நியாவம் வைச்சுக்கொள்ளு உன்னால்தான் என் வாழ்க்கு இவ்வளவு நாசமா போச்சு,1
எனக்கு எதுவும் சரியா இல்லை நான் ஏன் இப்படி இருக்கிறேன் என்று தெரியவில்லை எல்லாம் என்னால் கெட்டு போய்ச்சு,1
கடவைத் திருந்திருக்கா திருக்க முடியுமா என்னால் இங்க இருக்க முடியாது,1
ஏன் என்னால் மட்டும் எல்லாரும் மாதிரியும் வாழ முடியவில்லை ஏன் எப்போதும் எனக்கு மட்டும் கஷ்டம் வந்ததே இருக்கும்,1
நிச்சயம் என்னிடம் பூனு மாதிரி இருக்கும்,1
நிம்மதி அப்படின்னு ஏதாவது எனக்கு ஒருநாள் கூட கிடைக்குமோ அப்படிக் கல்லிச்சான் நான் மிகவும் சந்தோஷமா இருப்பேன்,1
எனக்கு இந்த வாழ்க்கையும் ஒன்றும் புரியல நான் தவறா,1
இந்த வாழ்க்கையில் நிம்மதி கிடைக்கும்னு நாவுறும் நாள் கூட இந்த ஜென்னத்துல் நிம்மதியாக இருந்ததுல,1
எனக்கு எதுவும் வேண்டாம் நான் தனியாய் இருக்கணும் யாரும் என்ன தொந்தரவு பண்ணாதீங்க,1
எனக்கு ஒருவாட்டி அவர்களிடம் பேசணும் ஆனால் நான் பேசுவதுக்கூட அவர்கள் கேட்குவதுக்கு தயாராய் இல்லை,1
எதுவும் புரியல நான் ஏன் இப்படி இருக்கன்னு தெரியல எல்லாரும் என்னை விட்டுட் போய்ட்டாங்க,1
ஏதாவது செய்யவேண்டும் என்று ஆசை இருக்கு அன்னால் நான் என்னிடம் செய்வேன் என் உள்ளேதான் ஒன்றும் இல்லையே,1
நான் எல்லார்களிடமும் செரிக்கிறேன் பேசுகிறேன் ஆனால் கடைசியில் இதை எல்லாமே ஒரு பெரிய நாடகமாக இருக்கு,1
எல்லாரும் ஒன்னா இருப்பாங்க ஆனால் நாம் மட்டும் எங்கியாவது தனியா இருப்பேன் இந்த தனிமையை என்ன செய்வது எனக்கு தெரியாது,1
என்னை யாராவது புரிந்து தெருந்தால் நான் இவ்வளவு தனியாக இருந்திருக்க மாட்டேன்,1
நான் எல்லார்களிடமும் நல்லதான் பேசுகிறேன் நல்லதான் சிரிக்கிறேன் ஆனால் ஏன் எல்லாமே ஒரு நடகமாட்டும் இருக்கு,1
எனக்கு ஏதாவது ஆவிடுமோ எனக்கு மிகவும் பயமா இருக்கிறது,1
என்னை யாரும் புரிந்துகொள்ளல நான் என்னதான் முயற்சி பண்ணாலும் எல்லாம் பிரச்சினையா போய் முடியுது,1
நீங்கள் யாராவது என புரிந்து எதைத்தார்த்தாலும் நான் எதாவது சொல்லுக்கிறேன் நீங்கள் யாருமை என புரிந்து எதாவும் எனக்கான் நான் மட்டும் நீங்கள் என்ன சொல்வாய்,1
ஏதோ பெரிஸ் நடுக்கப்போற மாதிரி பயமா இருக்கு,1
எனக்கு தெரியவில்ல இன்னும் எவ்வளவு நாள்தான் நான் எப்படி இருக்கப் போறும் என்று,1
எனக்கு ஒன்றும் பிடிக்கவில்லை என்னை சுற்றி இருக்கும்போது நான் இந்த வாழ்க்கை,1
என்ன ஆவது நானே புரித்துக்கொள்ள முடியல எல்லாமே திசமாரி போய்விட்டது,1
என்னிடமும் யாருக்கும் முக்கியமா இருந்தது இல்லை இப்போதுகூட யாரும் இன்னும் முதல் மாட்டார்கள்,1
யாரும் என்னிடம் நான் எவ்வளவு முக்கியம் என்று சொன்னதும் இல்லை நான் கஷ்டப்பட்டு நான் கேட்டதும் இல்லை,1
கண்ணுக்குடு என்னுடைய குடும்புடையில் யாரும் என்ன பின்னாலி பார்த்துட்டே இருக்கும் மாதிரி இருக்கு,1
ஏனென்று கேட்கிறேன் என்று கூறுகிறேன் நான் இந்தத் தவறா,1
என்னுடைய உணர்வுக்குள் யாரும் புரிந்துகொள்வார்கள் அவர் புரிந்துகொள்ள நினைத்தாலும் உங்களுக்கு நான் முடியாது,1
நாளைக்கு எனக்கு தெரியும் தான் அக்குடி எனக்குன்னு யாரும் வரமாட்டான் அது எனக்கு தெரியும்,1
மோசி அழங்கும் மாதிரி இருக்கு எனக்கு மிகவும் இதும் கழந்து போகும்,1
படிக்கிறது திருவாய் மொழி இடிக்கிறது பெருமல் கோயில்,0
வஞ்சகம் வாழ்வை கெடுக்கும்,0
நேசிப்பவர்கள் எல்லாம் நம்மோடு நிலைத்திருக்க முடியாது,0
பல மரம் சேர்ந்து நின்றால்தான் அதி தமிழில் தோப்பு என்பார்கள்,0
வீண் சண்டை என்றும் இருத்தரப்பினருக்கும் தீமையாகும்,0
செய்வதற்கு என்ற தருமத்தை செய்யாமல் இருத்தல் கூடாது,0
காலத்தில் செய்வதை தல்லிப் போட வேண்டாம்,0
பந்திக்கு முந்து படைக்கு பிந்து,0
உளர்ந்த இலையை சருகு என்பர்,0
நருக்குக் கொண்டாட்டம் நண்டுக்குத் தின்டாட்டம்,0
இலமையில் சோம்பல் முதுமையில் வருத்தம்,0
கீழே விலாமல் இருப்பதில் பெருமை இல்லை,0
குலம் குப்பையிலே பணம் பந்தீயிலே,0
வாழ்கிறதும் கிடைகிறதும் வாயினால்தான்,0
உளரந்த இளையை சருகு என்பார்,0
கால நேரம் பாராது உளைத்தால் வாழ்வு பிரகாசிக்கும்,0
நல்ல மாட்டியருக்கு ஒரு சூடு நல்ல மனிதனுக்கு ஒரு வார்த்தை,0
நல்ல மாட்டருக்கு ஒரு சூடு நல்ல மனிதனுக்கு ஒரு வாத்தை,0
உர்பகர் செய்யும் பிர்பகல் விழையும்,0
பயமுருத்தலைவிட நயவஞ்சுகம் பலமானது,0
சாதுமி இரண்டால் காடு கொள்ளாது,0
அறிவை வளர்த்துக்கொண்டால் எல்லா விதமான பயங்களும் ஆகந்து விடும்,0
கோபம் என்பது தர்காளிகமான ஒரு பைத்தியக்காரத்தனம்,0
மடியிலே கணம் இருந்தால்தான் வழியிலே பயம் இருக்கும்,0
பதறாத காரியம் சுதராது,0
யானைக்கு ஒரு காலம் வந்தால் புணைக்கு ஒரு காலம் வரும்,0
பெற்றோர்களின் வாழ்க்கை என்பது குழந்தைகளின் பாட புத்தகம் ஆகும்,0
உக்கமின்று உயிர் வாழ்வதை இழுவு தருவதாகும்,0
கோழைகளுக்குக் கையில் வாழிருந்தும் பயனில்லை,0
சிறுக்கு இல்லாமல் அடக்கமாக வாழ்வது எல்லோருக்குமே நல்லது தான்,0
நாயைக் கண்டால் கல்லை காணும் கல்லைக் கண்டால் நாயைக் காணும்,0
ஒருவரை வாழ்க்கைக்கு ஒளித்தருவது ஊக்கமே ஆகும்,0
போதுமென்ற மனமே பொன்சையும் மருந்து,0
திருக்குரல் உலக புகல் பெற்று தமிழிலக்கியமாகும்,0
மா பழுத்தால் கிடிக்கம் வேம்பு பழுத்தால் காக்கைக்கம்,0
மாப்பழுத்தல் கிளிக்கம் வேம்புபழுத்தல் காக்கிக்கம்,0
அன்புடையவர் தம் உடைமையும் பிறகு உரிமையாக்கி வாழ்வர்,0
செறுக்கு இல்லாமல் அடக்கமாக வாழ்வது எல்லோருக்குமே நல்லதுதான்,0
மனம்போல வழுவு,0
காற்றாளை மின்சார உட்பத்தியில் இந்தியா உலகில் நான்காவது இடத்தை பெற்றுள்ளது,0
அன்புப் பெதிரிடம் விருப்பம் உடையவராக வாழும் தன்மையைத் தரும்,0
நீ தோற்றால் அங்கு நின்று உன் தோழ்விக்கான காரணங்களை விலக்கிக் கொட்டியிருக்கக்கூடாது,0
அரிவுடையாரை அரசினும் விரும்புவான்,0
எலிக்குத் தின்டாட்டம் பூனைக்குக் கொண்டாட்டம்,0
பயமுருத்தலை விட நயவந்துகம் பலமானது,0
தலை இடியும் காய்ச்சலும் தனக்கு வந்தால் தெரியும்,0
ராமணைப்பூல் ராஸா இருந்தாலும் அனுமாணைப்பூல் சேவகனம் இருப்பான்,0
தண்ணீரிலே விலைந்த உப்பு தண்ணீரிலே கரைய வேண்டும்,0
குலம் குப்பையிலே பணம் பந்தியிலே,0
எதை அடக்கா விட்டாலும் நான்கே அடக்க வேண்டும்,0
புராமை மொழிகளை பேசுதலை உளிப்பாய் ஆக,0
மா பழுத்தல் கிளிக்கம் வேம்பு பழுத்தல் காக்கைக்கம்,0
மெல்லப்பாயும் தண்ணீர் கல்லையும் குழியாக்கும்,0
காலத்தும் செய்வதை தல்லிப் போட வேண்டாம்,0
பசி வந்தால் பத்தும் பறந்து விடும்,0
மேய் சொல்லி கெட்டவனும் இல்லை பொய் சொல்லி வாழ்ந்தவனும் இல்லை,0
பயனெற்ற பொருட்கள் விட்பணிக்கு வைக்கப்படாது,0
கோழைகளுக்கு கையில் வாலி இருந்தும் பயன் இல்லை,0
காலத்தில் செய்வதை தல்லிப் போட வேண்டாம்,0
நோயெற்ற வாழ்வே குறை வெற்ற செல்வம்,0
மிக உறுதியுடன் காக்கப்பட வேண்டியது அடக்கமாகும்,0
போதும் என்ற மனமே பொன்சையும் வருந்து,0
ஓட்டைப் பாணையிலும் சர்க்கரை இருக்கும்,0
தொட்டில் பழக்கம் சுடுகாடு மட்டும்,0
வெறும் கை உன் விரல்கள் மூலதனம்,0
கீழே விலாமல் இருப்பதில் பெருமை இல்லை,0
அன்புடையவர் தம் உடைமையையும் பிரவருக்கு உரிமையாக்கி வாழ்வரு,0
இனம் இன தூடுதான் சேரும்,0
மோனம் மழையைச் சாதிக்கும்,0
கடுமையான உழைப்பு அதிஷ்டத்தை அழைத்து வரும்,0
கணிந்த பழம் தானே விழும்,0
எழுதுக்கல் எல்லாம் அகரத்தை அடிப்படையாகக் கொண்டிருக்கின்றன,0
கட்டுது கைமண்னாளவு கல்லாதுது உலக அளவு,0
பந்திக்கு முந்து படைக்கு பிந்து,0
வருமையிலும் கொடிய வருமை வந்த விருந்துனரே வரவேற்க முடியாதுது,0
நாம் ஒன்று நினைக்க தெய்வம் ஒன்று நினைக்கும்,0
கொல்கில் தெளிவு உள்ளவரால் எதையும் சாதிக்க முடியும்,0
கீழே விழாமல் இருப்பதில் பெருமை இல்லை,0
வெரும் கை என்பது மூடு தனம் உன் விரல்கள் பத்தும் மூல தனம்,0
வாயுள்ள பிள்ளை பிழிக்கும்,0
செய்வதற்கு என்ற தருமத்தை செய்யாமல் இருதல் கூடாது,0
சுவாமி வரங்குக்கொடுத்தாலும் பூசாரி இடங்குக்கும் மாட்டான்,0
தண்ணீரிலேயே விளைந்த உப்பு தண்ணீரிலேயே கரைய வேண்டும்,0
இருநாட்டு உறவில் மேலும் சிக்கலை ஏற்படுத்தும் என்று தெரிகிறது,0
எதை அடக்கா விட்டாலும் நாக்கை அடக்க வேண்டும்,0
யானை வரும் பின்னே மணி ஓசே வரும் முன்னே,0
துண்பங்களுக்கு இடையில்தான் வாய்ப்புகள் உள்ளிந்திருக்கின்றன,0
பாம்பின் கால் பாம்பரியும் மின்னுவைத்து எல்லாம் போட்டு வருகிறது,0
சொன்னதை சொல்லும் கிலிப்பில்லை,0
ஒவ்வரு விணைக்கும் எதிர்விணை நிச்சயம் உள்ளது,0
அவன் சிரியவனாக இருந்த போதிலும் மிகவும் வலுவானவன்,0
நத்தையின் வைத்திலும் முத்து பிறக்கும்,0
முல்லை முல்லால்தான் எடுக்க வேண்டும்,0
நத்தையன் வைத்திலும் முத்து பிறக்கும்,0
விழுப்பு நர்வு பற்சாரம் மேட்கொண்டவர்கள் மீது கல்வீச்சுத் தாக்குதல்,0
மனம் தடுமாறினால் மற்றானுக்கு வலிமை,0
பெரு ஆசை பெரு நஷ்டம்,0
குழைகளுக்கு கையில் வாழ்கிருந்தும் பயனில்லை,0
சொன்னதை சொல்லும் கிலிப்பெல்லை,0
உண்ண உணவு தந்தவர்கள் வீட்டிலேயே திருடுவது மிக பெரிய பாதகச் சேலாகும்,0
பயமுறத்தில் இவிட நயவஞ்சகம் பலமானது,0
மிஞ்சியது கொண்டு மேற்கே போகுதல் ஆகாது,0
தீயவர்களுக்கு செய்யும் உதவி தீமையாகவே முடியும்,0
அவன் சிறியவனாக இருந்த போதிலும் மிகவும் வழுவானவன்,0
இறிகிறதை பிடிங்கினால் குதிக்கிறது அடங்கும்,0
எச்சிர்கையால் காக்கை ஊட்டாதவன் பிச்சை கொடுப்பானா,0
மவ்ணம் மலையைச் சாதிக்கும்,0
தவலை தன் வாயாற்கிடும்,0
நீ செய்யும் சாதனையே உன் பெயருக்குப் பெருமை தேடித் தரும்,0
எரிகிறதை பிடுங்கினால் கொதிக்குறது அடங்கும்,0
பாழுக்கும் காவல் புணைக்கும் தோலன்,0
நெல்முதில் யதானியங்களைக் குறைவாக விற்காதே,0
விலையாட்டாய் இருந்தது வினையாய் முடிந்தது,0
பல மரம் கண்டத் தச்சன் ஒரு மரம் மு வெட்டமாட்டான்,0
தொடர்ந்து பயிற்சி செய்யுங்கள் விரைவில் பயன் கிடைக்கும்,0
அடக்கம் அழியாத புகழை கொடுக்கும்,0
போதும் என்ற மணமே பொன்சையும் மருந்து,0
வானம் சுறக்க தானம் சிறக்கும்,0
பயமுறுத்தில் இவ்விட நயவஞ்சுகம் பெலமானது,0
கால நேரம் பாராது உழைத்தால் வாழ்வுப் பிரகாசிக்கும்,0
காட்டு உள்ள போதே தூட்டிக்கொள்,0
விருந்தி உப்பசரிக்காதவர்கள் வீட்டில் உண்ணாதது கோடிப் பெருமை,0
வீட்டில் எலை வெளியில் புலி,0
அத்திப் பழத்தைப் பிட்டுப் பார்த்தால் அத்தனையும் புழு,0
நேசிப்பவர்கள் எல்லாம் நம்மோடு நிலைத்து இருக்க முடியாது,0
பூமேய் போல பொறுமை வேண்டும்,0
எட்டு சுறைக்காய் கூட்டுக்கு உதவாது,0
ஐந்துல் விளையாதுது ஐம்புதல் விளையாது,0
நீ தோற்றால் அங்கு நின்று உன் தோல்விக்கான காரணங்களை விளக்கிக் கொண்ட இருக்கக்கூடாது,0
தொட்டில் பழக்கம் சுடுகாடு மட்டும்,0
புராமை முழிகளை பேசுதலை உழிப்பாயாக,0
நீ செய்யும் சாதனையை உன் பெயருக்குப் பெருமை தெடிதரும்,0
மனம் தடுமாறினால் மாற்றானுக்கும் வலிமை,0
ஆழம் பார்க்காமல் காலை விடாதே,0
அத்தில் போட்டாலும்,0
உலக போக்கிருக்கு எட்ச வாரும் நடந்துகொள்ள வேண்டும்,0
வாழ்வும் தாழ்வும் சிலக்காளம்,0
செய்வதற்கு என்று தருமத்தை செய்யாமல் இருத்தல் கூடாது,0
முத்பக்கள் செய்யும் பிற்பகல் விலையும்,0
பூமியைப் போல பொறுமை வேண்டும்,0
பொறுமையின் உரைவிடமாக இருப்பவரை நிறைவான மனிதர் என்று உலகம் புகலும்,0
பாம்பின் கால் பாம்பரியும்,0
நூல் கலை கர்பதை நிறுத்தி விடாதே,0
அரசன் இல்லாத நாடு அச்சில்லாத தேர,0
எப்பொழுதும் நம்பிக்கையுடன் இருக்க வேண்டும்,0
அந்திமழை அழுதாலும் விடாது,0
கெடுவான் கேடு நினைப்பான்,0
இலமையில் சோம்பல் முதுமையில் வர்த்தம்,0
பேராசை பெரு நஷ்டம்,0
பந்திக்கு முந்து படைக்கு பிந்து,0
மாவ்ணம் மலையை சாதிக்கும்,0
சென்ற இடமெல்லாம் சிறப்பே கல்வி,0
நூ எட்சு வால்வே குறே எட்சு செல்வம்,0
காற்றலை மின்சார உருப்பத்தில் இந்தியா உலவில் நான்காவது இடத்தை பெற்றுள்ளது,0
ஒருவர் எதைக் காத்திர முடியா விட்டாலும் நாவையாவது அடக்கி காத்தில வேண்டும்,0
உலகம் கடவுளை அடிப்படையாகக் கொண்டிருக்குறது,0
உண்ண உணவு தந்தவர்கள் வீட்டிலேயே திருடுவது மிக பெரிய பாதகச் செய்யலாகும்,0
நான் உன்னை வாழ்க்கையில் வருகிறேன்,0
கோட்டைப்பாணியிலும் சக்கரை இருக்கும்,0
ஒருவனுக்கு அறிவு இருந்தும் ஆற்றல் இல்லையினில் அவன் வாழ்வு சிறக்காது,0
செருப்பின் அருமை வெய்லில் தெரியும் நெருப்பின் அருமை குளிரில் தெரியும்,0
பூமியைப் போல பொறுமை வேண்டும்,0
வல்லவனுக்குப் புல்லும் ஆயிதம்,0
ஒரு பொய்யை மறைக்க உண்புது பொய் சொல்லுதல்,0
மனம் உன்னால் வலி உண்டு,0
கடும்மியான உழைப்பு அதிச்சத்தை அழைத்து வரும்,0
விடியை மறியால் வெள்ளலாம்,0
ராமனை போல் ராஸா இருந்தால் அனுமானை போல் சேவகனும் இருப்பான்,0
நம்பிக்கை இல்லாத இடத்தில் முயற்சியும் இருக்க முடியாது,0
எல்லோருக்கும் ஒவ்வொன்று எழுத,0
பழகப் பழகப் பாலும் புலிக்கும்,0
ஒவ்வொரு வினைக்கும் எதிர்வினை நிச்சயம் உள்ளது,0
ஒருவனுக்கு அழிவி இல்லாத சிறந்த செல்வம் கல்வியாகும்,0
காற்றாளை மின்சார உர்பத்தில் இந்தியா உலகில் நான்காவது இறத்தை பிட்டுள்ளது,0
கட்டது கைமண்ணலவு கல்லாதது உலகலவு,0
மண்ணுயிரை தண்ணுயிர் போல் நினை,0
ஆவத்தில் உதவாதது நட்பல்லை,0
காலத்தில் செய்வதை தல்லிப் போட வேண்டாம்,0
விலிப்பு நற்பு பிரச்சாரம் மேற்கொண்டவர்கள் மீது கல்விச்சுத் தாக்குதல்,0
ஆணக்கு ஒரு காலம் புணக்கு ஒரு காலம்,0
கொலைக்கு அஞ்சாதவன் பழிக்கு அஞ்சான்,0
மின்னுவதை எல்லாம் பொன்னல்ல,0
நேசிபவர்கள் எல்லாம் நம்முடியும் நிலைத்திருக்க முடியாது,0
வருமையிலும் கொடிய வருமை வந்த புரிந்துனரை வரவே இருக்க முடியாது,0
உதவு முன் யோசித்து அதற்கே இருப்ப உதவ வேண்டும்,0
ஒரு பொய்யை மறைக்க உண்பது பொய் சொல்லுதல்,0
தம்பி உடையான் படைக்கான் ஜான்,0
கலகம் பிறந்தால் நியாயம் பிறக்கும்,0
மனம் தடுமாறினால் மாட்சானுக்கு வலிமை,0
மேய் சொல்லி கெட்டவனும் இல்லை பொய் சொல்லி வாழந்தவனும் இல்லை,0
ஆனைக்கு ஒரு காலம் புனைக்கு ஒரு காலம்,0
உனக்குள்ள பொருள் மற்றும் சிறப்புகளை பலரும் அறியும் படி கூறாதே,0
இருநாட்டு உறவில் மேலும் சிக்கலை ஏற்படத்தும் என்று தெரிகிறது,0
பயனச்சு பொருக்கள் விருப்பனைக்கு வைக்கப்படாது,0
கல்வி கற்க நல்ல நோல்களை குச்சமரை கற்க வேண்டும்,0
தம்பி உடையான் படைக்கு அஞ்சான்,0
நம்பிக்கை இல்லாத இடத்தில் முயற்சியும் இருக்க முடியாது,0
முள்ளை முள்ளால்தான் எடுக்கவேண்டும்,0
வீண் சண்டை என்றும் இருத்தரப்பினருக்கும் தீமை ஆவும்,0
வீன் சண்டை என்றும் இருத்தரப்பினருக்கும் தீமை ஆகும்,0
உதவும் ஒன்று யோசித்து அதற்கெரிப்ப உதவு வேண்டும்,0
நாயைக் கண்டால் கல்லை காணம் கல்லை கண்டால் நாயைக் காணும்,0
செய்வண திருந்தச்சி,0
மண்ணன் எப்படியோ மண்ணுயிரப்படி,0
ஒருவர் எதைக் காத்திட முடியா விட்டாலும் நாவை யாவது அடக்கு காத்திட வேண்டும்,0
நாம் ஒன்று நினைக்க தெவ்வம் ஒன்று நினைக்கும்,0
ஒருவருடைய மனநிலையே அவருடைய முகத்தில் கண்டு அறியலாம்,0
எலி இருக்கும் இடத்தில் பாம்பு இருக்கும்,0
சிறுக்கு இல்லாமல் அடக்கமாக வாழ்வது எல்லோருக்குமே நல்லதுதான்,0
நீ செய்யும் சாதனையே உன் பெயருக்குப் பெருமை தேடித் தரும்,0
கேட்பவருக்கு கொடுத்து உன்னை வேண்டும்,0
ராமணை போல் ராஸா இருந்தால் அனுமனை போல் சேவகனும் இருப்பான்,0
உனக்குள்ள பொருள் மற்றும் சிறப்புகளை பலரும் அறியும் படிக்கூறாதே,0
எப்போதுதும் நம்பிக்கையுடன் இருக்கவேண்டும்,0
கைக்கு எட்டியது வாய்க்கு எட்டவில்லை,0
பயணச்சப் பொருக்கால் விருட்பணைக்கு வேக்கப்படாது,0
ஆங்கிலம் கர்ப்பதற்கு எனக்கு மிகவும் பயனுள்ள தலம் என்னை நம்பிக்கின்றேன்,0
ஆர் எலும் ஜாவு நூர் எலும் ஜாவு,0
உலகப் போக்கிற்கு எட்ட வாரு நடந்து கொள்ள வேண்டும்,0
தலைக்கு வந்தது தலைப்பாகையோடு போனது,0
கொல்கையில் தெளிவு உள்ளவரால் எதையும் சாதிக்க முடியும்,0
கவலை உடையோருக்கு கண்ணுறைக்கம் வராது,0
செருக்கிலாமல் அடக்கமாக வாழ்வது எல்லாருக்குமே நல்லதுதான்,0
அவன் சிரியவனாக இருந்த போதிலும் நிகமும் வளுவானவன்,0
புராமை இருந்தால் உள்ளதையும் விழக்க நேரிடும்,0
பிளையும் பயர் முழையிலே தெரியும்,0
எதை அடக்கா விட்டாலும் நான் கை அடக்க வேண்டும்,0
அடங்காமை வால்வையை இருள்ளாக்கி விடும்,0
செய்யும் தொழில் காட்டுக்கொண்ட திரமையில் மட்டுமே வேறுபாடு காண முடியும்,0
செய்யும் தொழிலில் காட்டுக்கிற திருமையில் மட்டுமே வேறுபாடு காண முடியும்,0
படிக்குறது திருவாய் மொழி இடிக்குறது பெருமால் கோயில்,0
எதை அடக்கா விட்டாலும் நாக்கை அடக்க வேண்டும்,0
உலகம் கடவுளை அடிப்படையாகக் கொண்டிருக்கிறது,0
வேண்டும் காசு உள்ள போதே தூற்றிக்கொள்ளுங்கள் போல பற்றம் வேண்டும் காசுக்கு வருகிறோம்,0
பலமரம் கண்ட தச்சன் ஒரு மரமும் வெட்ட மாட்டான்,0
அறிவை வளர்த்துக்கொண்டால் எல்லா விதமான பயங்களும் அகன்று விடும்,0
அரசின் இல்லாத நாடு அச்சி இல்லாத தேரு,0
எரும்பு ஊரக் கல்லுந்தேயும்,0
சுவாமி வரம் கொடுத்தாலும் பூசாரி இடங்கு கொடுக்க மாட்டான்,0
விதியை மதியால் வெளலலாம்,0
புராமை மொழிகளை பேசுதலை உழிப்பாயாக,0
அறிவிடையாரை அரசினும் விரும்புவான்,0
துண்பங்களுக்கு இடையில்தான் வாய்ப்புகள் ஒளிந்திருக்கின்றன,0
புத்தி இல்லாதவர்களிடம் பொறுப்பை கொடுப்பது புத்தி இல்லாத செயல்,0
கைக் கேட்டியது வாய் கேட்டவில்லை,0
தம்பி உடையான் படைக்கு அஞ்சான்,0
இருநாட்டு உரவில் மேலும் சிக்கலை ஏற்படுத்தும் என்று தெரிகிறது,0
ஒரு பொய்யை மறைக்க உண்பது பொய் சொல்லுதல்,0
பலமரம் சேர்ந்து நின்றால்தான் அதை தமிழில் தோப்பு என்பார்கள்,0
கடுமையான உழைப்பு அதிஷ்டத்தை அழைத்து வரும்,0
சேராத இடத்திலேயே சேர்ந்தால் துண்மம் வரும்,0
பெயராசை பெரு நஷ்டம்,0
வாழ்வும் தர்வும் சிலகாலம்,0
தவிலை தன் வாயாற்கிடு,0
ஆழம் பார்க்காமல் காலை விடாதே,0
அவையில் பேசிடு அஞ்சுவர் பலனூல் கட்டும் பயனில்லை,0
அன்பு பிறரிடம் விருப்பு முடைவராக வாழும் தன்மையை திறும்,0
கணிந்தப்பழம் தானே விழும்,0
எட்டு சுறக்கை குட்டுக்கு உதவாது,0
கவலை உடையோருக்கு கண்ணுறக்கம் வராது,0
எல்லோருக்கும் ஒவ்வொருஜு எழிது,0
ஆழம் பார்க்காமல் காளை விடாதே,0
விழிப்பு நருவுப் பிரச்சாரம் மேற்கொண்டவர்கள் மேது கல்வித்து தாக்குதல்,0
எலிக்குத் திண்டாட்டம் பூனைக்குக் கொண்டாட்டம்,0
நான் ஒன்று நினைக்க தெய்வம் ஒன்று நினைக்கும்,0
மெல்லப்பாயும் தன்னீர் கல்லையும் குழியாக்கும்,0
மாவணம் மலையைச் சாதிக்கும்,0
மனம் போல வாழ்வு,0
நத்தையின் வைட்ருலும் முத்து பிறக்கும்,0
தண்ணீரிலே விலைந்த உப்பு தண்ணீரிலே கரைய வேண்டும்,0
இலமையில் சோம்பல் முதுமையில் வருத்தம்,0
துண்மங்களுக்கு இடையில்தான் வாய்ப்புகள் உளிந்து இருக்கின்றன,0
பூமியைப் போல் பொறுமை வேண்டும்,0
கொல்கையில் தெளிவு உள்ளவரால் எதையும் சாதிக்க முடியும்,0
கொல்கையில் தெளிவு உள்ளவரால் எதையும் சாதிக்க முடியும்,0
இலமையில் சோம்பல் முதுமையில் வருத்தம்,0
ஆரிலும் சாவு நூரிலும் சாவு,0
உக்கமிஞ்சு உயிர் வழ்வது திருமதாகும்,0
அரிவுடையாரை அரசனும் விரும்புவான்,0
வாழ்வும் தாழ்வும் சிலக்காளம்,0
பலமரம் சேர்ந்து நின்றால்தான் அதை தமிழில் தோப்பி என்பார்கள்,0
சொல்புத்தியை விட சுயபுத்தி மிக அவசியம்,0
ஆண்டு தோரும் பத்திலாச்சு கடல் பரவிகள் கொல்லப்படிகின்றன,0
கடுமையான ஒளைப்பு அதிஷ்டத்தை அலைத்து வரும்,0
புராமை முழுகளைப் பேசுதலை ஒழிப்பாயாக,0
மண்ணன் எப்படியோ மண்ணுயிரப்படி,0
அறிவு ஒன்று தான் அச்சத்தை முறிக்கும் அறிய மருந்து,0
அடக்கம் ஒருவனை பிற்காலத்தில் தேவருளகிருக்குக் கொண்டு சேர்க்கும்,0
வாயுள்ள பிள்ளை பிழைக்கும்,0
ஒருவரி எதைக் காத்திர முடியா விட்டாலும் நாவையாவது அடக்கி காத்திர வேண்டும்,0
இருநாட்டு உரவுல் மேலும் சிக்கலை ஏற்படுத்தும் என்று தெரிகிறது,0
புத்தி இல்லாதவர்களிடம் பொறுப்பைக் கொடுப்பது புத்தி இல்லாத செயல்,0
அவரவர் செய்யும் சேல் வேறுபாடகளால் மட்டுமே பெருமை வரும்,0
கோபம் என்பது தர்காளிகமான ஒரு பைத்தியக்காரர் தனம்,0
அஞ்சி நடங்கிக்கொண்டு இருப்பவனால் சிறிய குட்டியைக்கூட கடக்க முடியாது,0
பதிராதைக் கார்யம் சித்திராது,0
அடக்கம் அழியாத புகழை கொடுக்கும்,0
அச்சாணி இல்லாத தேர் முச்சாணும் ஓடாது,0
விளையாட்டாய் இருந்தது வினையாய் முடிந்தது,0
ஒருவனுக்கு அறிவு இருந்தும் ஆற்றல் இல்லையெனில் அவன் வாழ்வு சிறக்காது,0
தொடந்து பயிற்சி செய்யுங்கள் விரைவில் பயன் கிடைக்கும்,0
எழுத்துக்கல் எல்லாம் அகரத்தை அடிப்படியாகக் கொண்டிருக்கின்றன,0
இறக்கம் காட்டலாம் ஆனால் ஏமாளியாக விடக்கூடாது,0
ஆட்சில் போட்டாலும் அளந்து போடு,0
ஏட்டிச்சுரைக்கை கூட்டுக்கு உதவாது,0
எலிக்குத் திண்டாட்டம் பூனைக்குக் கொண்டாட்டம்,0
ஒரு பொய்யை மறைக்க உண்புது பொய் சொல்லுதல்,0
சேராத இடத்திலேயே சேர்ந்தால் துண்பம் வரும்,0
மாவணம் மலையே சாதிக்கும்,0
பூதும் என்ற மனமே பொன்சையும் மனுண்டு,0
உண்ண உணவு தந்தவர்கள் வீட்டிலேயே திருடுவது மிகப்பெரிய பாதுகச்சேலாகும்,0
மடியிலே கணம் இருந்தால் தான் வழியிலே பயம் இருக்கும்,0
அப்பத்தில் உதவாக அது நட்பால்ல,0
காசுக்கு ஒரு குதிரையும் வேண்டும் காற்றை போல பறக்கும் வேண்டும்,0
நீ தோட்சால் அங்கு நின்று உன் தோழ்வி இருக்கான காரணங்களை விலக்கிக் கொண்டிருக்கக்கூடாது,0
அடக்கம் ஒருவனை பிட்காலத்தில் தேவருலகிட்கு கொண்டு சேர்க்கும்,0
கல்வி கற்க நல்ல நூல்களைக் குற்றமரை கற்க வேண்டும்,0
கால நேரம் பாராது உழைத்தால் வாழ்வு பிரகாசிக்கும்,0
வாழுகிறதும் கெடுகிறதும் வாயினால்தான்,0
உலகில் கோடி மக்களுக்குப் பதுகாப்பான குடினீர் கிடைப்பது இல்லை,0
நீ வெற்றி பெற்றால் பிறகு இருக்கும் என்று கொண்டு விளக்கத் தேவை இல்லை,0
யாணிக்கு ஒரு காலம் வந்தால் பூனைக்கு ஒரு காலம் வரும்,0
இனம் இனத்தோடுதான் சேரும்,0
கட்டுது கைமண்ணலவு கல்லாதுது உலகலவு,0
விணை விதைத்தவன் விணையாருப்பான் தீணை விதைத்தவன் தீணையாருப்பான்,0
அகத்தின் அழகு முகத்தில் தெரியும்,0
எல்லோருக்கும் ஒவ்வொரு எழுது,0
சொல்புத்தியை விட சுயபுத்தி மிக அவசியம்,0
மெற்கே மழை பெய்தால் கிழக்கே வெல்லம் வரும்,0
அரிவுடையாரை அரசனும் விரும்புவான்,0
அஞ்சி நடங்கிக் கொண்டிருப்பவனால் சிறிய குட்டையைக் கூட கடக்க முடியாது,0
புராமை இருந்தால் உள்ளதையும் இழக்க நேரிடும்,0
மின்சாரம் இல்லாமல் ஏந்திரம் ஏங்காது,0
நீ செய்யும் சாதனையே உன் பெயருக்கு பெருமை தேடித் தரும்,0
சுருசுருப்பாய் உள்ள மனிதன் எப்போதும் மகிழ்ச்சியோடு இருப்பான்,0
வீட்டுக்கு செல்வம் மாடு தோட்ட செல்வம் முருங்கை,0
உக்கம் இன்று உயிர் வாழ்வதை இழுவு தருவதாகும்,0
சாதுமி இருந்தால் காடுக்கொள்ளாது,0
நூல்களைக் கட்பதை நிறுத்தி விடாதே,0
இங்கே பார்த்துவிட்டாய் என்று கூறினேன்,0
ஒருவனுக்கு அளிவில்லாத சிறந்த செல்வம் கல்வியாகும்,0
கோபம் என்பது தத்காளிகமான ஒரு பைத்தியக்காரத் தனம்,0
ச்வாமி வரங்கு கொடுத்தாலும் பூசாரு இடங்க கொடுக்க மாட்டான்,0
வாழ்கிறதும் கெடுகிறதும் வாயினால்தான்,0
கட்டுது கைமண்ணலவு கல்லாதுது உளகளவு,0
இறக்கம் காட்டலாம் ஆனால் ஏமாலியாகி விடக்கூடாது,0
பலமரம் கண்ட தச்சென் ஒரு மரமும் வெட்ட மாட்டான்,0
சுவரை வைத்துதான் சித்திரம் வரைய வேண்டும்,0
உனக்குள்ள பொறும் மற்றும் சிறப்புகளை பலரும் அறியும்படிக் கூறாதே,0
அன்பு நெஞ்சத்தின் வழியில் யங்குவதை உயிருள்ள உடலாகும்,0
கேட்பவர்களுக்கு கொடுத்து வருகிறேன்,0
எச்சிர் கையால் காக்கையை ஒட்டாதவள் பிச்சை கொடுப்பானா,0
பாலுக்கும் காவல் புணைக்கும் தொழன்,0
காலையில் நான் தொடர்புகிறேன்,0
முற்பக்கள் செய்யும் பிர்பக்கள் விலையும்,0
முள்ளை முள்ளால்தான் எடுக்கவேண்டும்,0
மாதிரியாக இருக்கிறேன்,0
ஒருவரின் வாழ்க்கைக்கு ஒளிதருவது ஊக்கமே ஆகும்,0
யானைக்கு ஒரு காலம் வந்தால் புணைக்கு ஒரு காலம் வரும்,0
காற்றுள்ள போதி துற்றிக்கொள்,0
எலிக்குத் தின்டாட்டம் பூனைக்குக் கொண்டாட்டம்,0
தொடர்ந்து பயிற்சி செய்யுங்கள் விரைவில் பாய்ன கிடைக்கும்,0
ஆளம் பார்க்கமுள் காலை விடாதே,0
சொன்னதைச் சொல்லும் கிலிப் பிள்ளை,0
மிக்க உறுதியுடன் காக்கப்பட வேண்டியது அடக்கமாகும்,0
நூல்களைக் கற்பதை நிறுத்தி விடாதே,0
உலகில் கொடி மக்களுக்குப் பாதுகாப்பான குடினீட் கிடைப்பதில்லை,0
நம்பிக்கை இல்லாத இடத்தில் முயற்சியும் இருக்க முடியாது,0
புராமை இருந்தால் உள்ளதையும் இழக்க நேருடும்,0
பசி வந்தால் பத்தும் பறந்து விடும்,0
ஒருவருக்கு பயன்படும் பொருளே அவர்களுக்கு சிரந்ததாகும்,0
கணிந்த பழம் தானே விழும்,0
செய்வதற்கு என்ற தருமத்தை செய்யாமல் இறுதல் கூடாது,0
பாம்பின் கால் பாம்பரியும்,0
கொலைக்கு அஞ்சாதவன் பழிக்கு அஞ்சான்,0
அச்சாணி இல்லாத தேர் முச்சாணம் ஓடாது,0
ஏய் திச்சுரு கை கூட்டுக்கு உதவாது,0
எலி இருக்கிறது இடத்தில் பாம்பி இருக்கும்,0
அவியில் பேசிடாஞ்சு ஒரு பலனுல் கட்டும் பயனிலே,0
அரசின் இல்லாத நாடு அச்சில்லாத தேர்வு,0
அடக்கம் அலியாத புகலை கொடுக்கும்,0
இலமையில் சொம்பல் முதுமையில் வருத்தம்,0
ஆங்கிலம் கட்பதற்கு எனக்கு மிகவும் பயனுள தளம் என்னை நம்பிக்கிறேன்,0
ஏட்டு சுறைக்காய் கூட்டுக்கு உதவாது,0
உலகில் மிக மாசுபடிந்த நகரம் புது டெல்லி,0
கட்டுது கைமண்ணலவு கல்லாது உள்ள கலவு,0
எச்சிர்க்கையாள் காக்கையை ஓட்டாதவன் பிச்சைக் கொடுப்பானா,0
ஒருவர் எதைக் காத்திட முடியா விட்டாலும் நாவையாவது அடக்கி காத்திட வேண்டும்,0
இருநாட்டு உறவில் மேலும் சிக்கலை ஏற்படுத்தும் என்று தெரிகிறது,0
அடக்கம் ஒருவனை பிற்காலத்தில் தேவருலகருக்கு கொண்டு சேர்க்கும்,0
காலையில் வருகிறேன்,0
அடங்காமை வாழ்வியே இருளாக்கி விடும்,0
உதவு முன் யோசித்து அதற்கேட்டு உதவு வேண்டும்,0
ஆழம் பார்க்கமல் காலை விடாதே,0
நரிக்குக் கொண்டாட்டம் நண்டுக்குத் தின்டாட்டம்,0
நரிக்குக் கொண்டாட்டம் நண்டுக்குத் தின்டாட்டம்,0
அன்பு நஞ்சத்தின் வழியில் யங்குவதே உயிருள்ள உடலாகும்,0
ஆண்டுதாவது ஒரும் லைச்சம் கடல் பரவைகள் கொல்லப்படுகின்றன,0
எரிக்குறதைப் பிடிங்கினால் கொதிக்குறது அடங்கும்,0
செய்யும் தொழிலில் காட்டுக்குற திரமையில் மட்டுமே வேறு பாடு காண முடியும்,0
கோபம் என்பது தர்காலிகமான ஒரு பைத்தியக்காரத்தனம்,0
மின்சாரம் இல்லாமல் யெந்திரம் யங்காது,0
மதுவுக்கு எதிராக நடக்கும் போராட்டத்தில் ஆயிரக்கணக்கான ஒரு கைது,0
பொறுமையின் உறைவிடமாக இருப்பவரை நிறைவான மனிதுரென்று உலகம் புகலும்,0
கஷ்டங்கள் இல்லை என்றால் போராடும் என்னமே இல்லாமல் போய்விடும்,0
அப்பத்திலுத்துவாதது நட்பல்லை,0
வல்லவனுக்குப் புல்லும் மாயிதம்,0
எலி இருக்கும் இடத்தில் பாம்பு இருக்கும்,0
சேராத இடத்திலேயே சேர்ந்தால் துரும்பம் வரும்,0
முயற்று வாழ்வி குறையற்ற செல்வம்,0
ஒருவனுக்கு அடிவு இல்லாத சிறந்த செல்வம் கல்வியே ஆகும்,0
வெட்டு ஒன்று துண்டு இரண்டு,0
வினை விதைத்தவன் வினையா இருப்பான் தினை விதைத்தவன் தினையா இருப்பான்,0
அஞ்சி நடிங்கிக் கொண்டிருப்பவனால் சிறிய குட்டையும் கிடக்க முடியாது,0
வந்தகம் வாழ்வை கெடுக்கும்,0
வருந்தி உபசரிகாதவர்கள் வீட்டில் முன்னாதது கோடி பெருமை,0
மனம் உண்டானால் வழி உண்டு,0
பாழுக்கும் காவல் புணைக்கும் தோழன்,0
வாயுள்ள பிள்ளை பிழைக்கும்,0
அவரவர் செய்யும் செயல் வேறுபாடுகளால் மட்டுமே பெருமை வரும்,0
காசுள்ள போது தூற்றிக்கொள்,0
வாயுலை பில்லை பிழைக்கும்,0
கற்றது கைமண்ணலவு கல்லாது து உலகலவு,0
சுற்று சூழல் குரித்து விழிப்புனர்வு இன்னும் முழுமையாக இருப்பதவில்லை,0
சொன்னதே சொல்லும் கிளிப்பிள்ளை,0
அன்பு பிரரிடம் விருப்பும் உடையவராக வாழும் தன்மையைத் தரும்,0
கணிந்த பழம் தானே விழும்,0
விழுப்பு நரவு பிரச்சாரம் மேற்கொண்டவர்களும் இது கல்விச்சுத் தாக்குதல்,0
சுவரை வைத்துதான் சித்ரம் வரே வேண்டும்,0
பயண்ணட்டுற பொருட்கள் விருப்பனைக்கு வைக்கப்படாது,0
காற்றாளை மின்சாரு உர்பத்தில் இந்தியா உலகில் நான்காவது இடத்தை பெற்றுள்ளது,0
முத்பகல் செய்யின் பித்பகல் விலையும்,0
அக்கத்தின் அல்லவா கும்புத்தில் தெரியும்,0
எழுத்துக்கல் எல்லாம் அகரத்தை அடிப்படையாகக் கொண்டிருக்கின்றன,0
பேராசை பெரு நஷ்டம்,0
ஒருவருது மன நிலையே அவருது முகத்தில் கண்டு அறியலாம்,0
செய்வணத் திருந்தச்சே,0
அரிவுடையாரை அரசனம் விரும்புவான்,0
மண்ணன் எப்படியோ மண்ணு ஓயிரப்படி,0
மேச்சொல்லி கெட்டவனும் இல்லை போய்சொல்லி வாழ்ந்தவனும் இல்லை,0
மிக்கு உறுதியுடன் காக்கப்பட வேண்டியது அடக்கமாகும்,0
ஆர்டுண்டு சாவு நூருண்டு சாவு,0
பாலுக்குக் கவல் பூனைக்கும் தொழின்,0
எலி இருக்கும் இடத்தில் பாம்பும் இருக்கும்,0
அன்பு நெஞ்சத்தின் வழியில் ஏங்குவதே உயிருள்ள உடலாகும்,0
காற்று உள்ள போதை தூற்றிக்கொள்,0
ஒருவனுக்கு அறிவு இருந்தும் ஆட்சல் இல்லை என்னில் அவன் வாழ்வை சிறக்காது,0
நைசிப்பவர்கள் எல்லாம் நம்மோடு நிலைத்தி இருக்க முடியாது,0
ஒவ்வரு விணைக்கும் எதிர்விணை நிச்சயம் உண்டு,0
மண்ணன் எப்படியும் மண்ணுயிரப்படி,0
ராமணை போல் ராசா இருந்தால் அணுமணை போல் சேவகனும் இருப்பான்,0
விலையாட்டாய் இருந்தது வினையாய் முடிந்தது,0
சுறு சுறு பை உள்ள மனிதன் இப்போதும் மகிச்சியோடு இருப்பான்,0
முயலும் வெள்லும் ஆமையும் வெள்லும் ஆனால் முயலாமை வெள்லாது,0
காலத்தில் செய்வதை தல்லி போட வேண்டாம்,0
வாயில் பிள்ளை புழைக்கும்,0
திருக்குரல் உலக புகழ் பெற்சு தமிழ் இலக்கியமாகும்,0
தம்பி உடையான் படைக்கான்ஜான்,0
விலையாட்டா இருந்தது விணையாய் முடிந்தது,0
ஆண்டு தோறும் பத்திலச்சும் கடல் பறவைகள் கொல்லப்படுகின்றன,0
உலகில் கோடி மக்களுக்கு பாதுகாப்பன குடினீர் கிடைப்பதில்லை,0
மனம் போல வழ்வு,0
கையைக் கெட்டுவது வாய்க்காட்டுத் தொடர்புகிறது,0
கரையன் புற்று பாம்புக்கு உதவிக்கிறது,0
முயலும் வெள்லும் ஆமையும் வெள்லும் ஆனால் முயலாமை வெள்லாது,0
விழுப்புணர்வுப் பிரச்சாரம் மேற்கொண்டவர்கள் மீது கள்வீச்சுத் தாக்குதல்,0
எல்லோருக்கும் ஒப்பும் என்று எழுது,0
பெற்றோர்களின் வாழ்க்கை என்பது குழந்தைகளின் பாடப் புத்தகமாகும்,0
நோயிற்ற வாழ்வை குறை வைத்த செல்வம்,0
ஒருவனுக்கு அறிவிருந்தும் ஆற்றல் இல்லையெனில் அவன் வாழ்வு சிறக்காதே,0
வீட்டுக்கு செல்வம் மாடு தோட்டு செல்வம் உருங்கை,0
ஆரிலும் சாவு நூரிலும் சாவு,0
வீண் சண்டை என்றும் இருந்திரப்பினருக்கும் தீமையாகும்,0
அத்திப் பழத்தைப் பிட்டுப் பார்த்தால் அத்தனையும் புழும்,0
எதிர்த்தவன் எழை என்றால் கோபம் சண்டாலம்,0
எப்பொழுதும் நம்பிக்கையுடன் இருக்க வேண்டும்,0
பந்திக்கு மொந்து படைக்கு பெந்து,0
நீ செய்யும் சாதினையை உன் பெயருக்குப் பெருமை தேடித் தரும்,0
அகத்தின் அழகு முகத்தில் தெரியும்,0
சென்றிடம் எல்லாம் சிறப்பே கல்வி,0
தேவருக்கு செய்யும் உதவி தீமையாக வீமுடியும்,0
மணம் உண்டானால் வழி உண்டு,0
எச்சிர்கையால் காக்கை ஓட்டாதவன் பிச்சைக் கொடுப்பானா,0
அந்திமலை அழுதாலும் விடாது,0
கேடுவான் கேடு நினைப்பான்,0
கீழே விழாமல் இருப்பதில் பெருமை இல்லை,0
உளர்ந்த இலையை சருகின்பர்,0
ஆற்சில் போட்டாலும் அளந்து போடு,0
பலமரம் கண்டத் தச்சன் ஒரு மரமும் விட்ட மாட்டான்,0
வானம் சுறக்க தானம் சிறக்கும்,0
நாம் முன்ஜு நினைக்க தெய்வு முன்ஜு நினைக்கும்,0
நம்பிக்கை இல்லாத இடத்தில் முயற்சியும் இருக்க முடியாது,0
மின்சாரம் இல்லாமல் லியந்திரம் ஈங்காது,0
ஒருவர அது மன நிலையை அவர அது முகத்தில் கண்டு அறியலாம்,0
நாயைக் கண்டால் கல்லை காணும் கல்லை கண்டால் நாயைக் காணும்,0
கடின உழைப்பு கண்டிப்பாக ஒரு நாள் வலந்து திறும்,0
நத்தையின் வயிற்றிலும் முத்து பிறக்கும்,0
நம்பிக்கை இல்லாத இடத்தில் முயற்சியும் இருக்க முடியாது,0
எரிகிறதைப் பிடிங்கினால் குதிக்கிறது அண்ணும்,0
எலி இருக்கிறது இடத்தில் பாம்பும் இருக்கும்,0
மெல்லப்பாயும் தண்ணீர் கல்லையும் குழியாக்கும்,0
மின்னு இதெல்லாம் பெண்ணல்ல,0
கேட் பவருக்கு கொடுத்து உண்ண வேண்டும்,0
கீழே விழாமல இருப்பதில் பெருமை இல்லை,0
அன்பு பிரிள்ளையில் விருப்பம் ஒடியவராக வாழும் தன்மையைத் தரும்,0
சேராத இடத்திலேயே சேர்ந்தால் துண்பம் வரும்,0
சுவரை வைத்து தான் சித்திரம் வரைய வேண்டும்,0
தலைடையும் காச்சலம் தனக்கு வந்தால் தான் தெரியும்,0
அன்பு நெஞ்சத்தின் வழியில் ஏயங்குவதே உயிருள்ள உடலாகும்,0
தலைக்கு வந்தது தலைப்பாயகையோடு போனது,0
சாதுமிருந்தால் காடுக்கொள்ளாது,0
கடவலை நம்பினோர் கை விடப்படார்,0
ஆங்கிலம் கட்பதற்கு எனக்கு மிகவும் பயனுள்ள தலம் என்னை நம்புகிறேன்,0
வாழ்வும் தாழும் சில காலம்,0
கொலைக்கு அஞ்சாதமன் பழிக்கு அஞ்சான்,0
வாழ்வும் தாழ்வும் சில காலம்,0
பழகப் பழகப் பாலும் புலிக்கும்,0
மனந்த தண்டனை மனித தன்மை எட்டுது,0
செய்யும் தொழில் காட்டிக்குற திரமையில் மட்டுமே வேறுபாடு காண முடியும்,0
செருப்பினரும் வெயில் தெரியும் நெருப்பினரும் குளிரில் தெரியும்,0
முயலும் வெள்லும் ஆமையும் வெள்லும் ஆனால் முயலாமை வெள்லாது,0
அறிவு ஒன்று தான் நச்சத்தை முறிக்கும் அறியம் இருந்து,0
செய்யும் தொழிலில் காட்டுக்கிரத்திரமையில் மட்டுமே வெறுபாடு காண முடியும்,0
அவரவர் செய்யும் செயல் வேறு பாடுகளால் மட்டுமே பெருமை வரும்,0
விதியை மதியால் வெள்ளலாம்,0
எரிகிறதை பிடின்னால் கொதிக்கிறது அடங்கும்,0
அரசன் இல்லாத நாடு அச்சில்லாத தேர்,0
வீண் சண்டை என்றும் இருத்தரப்பினருக்கும் தீமையாகும்,0
கேட்பவருக்குக் கொடுத்து உண்ண வேண்டும்,0
தென்மங்களுக்கு இடையில்தான் வாய்ப்புகள் உளிந்து இருக்கின்றன,0
பூமியைப் போல பொறுமை வேண்டும்,0
அண்டு பிறரிடம் விருப்பம் உடையவராக வாழும் தன்மையைத் தரும்,0
நல்ல மாட்டிக்கு ஒரு சூடு நல்ல மனிதனுக்கு ஒரு வார்த்தை,0
செய்வணத் திருந்தச்சை,0
பயமுறுத்தலை விட நயவஞ்சகம் பலமானது,0
வீட்டில் எலி வெளியில் புலி,0
மாப்பழுத்தால் கிளிக்கம் வேம்புப்பழுத்தால் காக்கைக்கம்,0
மனமுண்டானால் வழியும் இருக்கும்,0
தியவர்களுக்கு செய்யும் உரவி தீமையாகவே முடியும்,0
சென்ற இடமெல்லாம் சிறப்பே கல்வி,0
எதை அடக்கா விட்டாலும் நாக்கை அடக்க வேண்டும்,0
மரண தண்டடை மனிதத் தன்மை எட்டுவது,0
படிக்குறது திருவாய் மொழி இடிக்குறது பெருமால் கோவில்,0
அவையில் பேசிட அஞ்சு ஓர் பழன் ஊல் கற்றும் பயன் இல்லை,0
ராமணி போல ராஸா இருந்தால் அனுமானை போல் சேவகனும் இருப்பான்,0
சொல்புத்தியை விட சுயபுத்தி மிக அவசியம்,0
பத்திராத காரியம் சித்தராது,0
இறக்கம் காட்டலாம் ஆனால் ஏமாலியாக விடக்கூடாது,0
பொறுமையின் ஒரேவிடமாக இருப்பவரை நிறைவான மனிதர் என்று உலகம் புகழும்,0
பயன்ச்சு பொறுக்கள் விருப்பனைக்கு வைக்கப்படாது,0
சாது மிரந்தால் காடு கொள்ளாது,0
கல்வி கற்க நல்ல நூள்களை குற்றும் மரை கற்க வேண்டும்,0
மெல்லப்பாயும் தன்னீர் கள்ளையும் குளியாக்கும்,0
எப்பொழுதும் நம்பிக்கையுடன் இருக்க வேண்டும்,0
உதவும் முன் யோசித்து அதற்கேர்ப்பு உதவு வேண்டும்,0
வள்ளவனுக்குப் புல்லும் ஆயுதம்,0
ஐந்தில் வலையாதது ஐம்பதில் வலையாது,0
மடியிலே கணம் இருந்தால் தான் வழியிலே பயம் இருக்கும்,0
சுரு சுருப்பாய் உள்ள மனிதன் எப்போதும் மகிச்சியோடு இருப்பான்,0
மனம் போல வாழ்வு,0
பெற்றோர்களின் வாழ்க்கையும் என்பது குழந்தைகளின் பாட புத்தகமாகும்,0
பெற்றோர்களின் வாழ்க்கையின்பது குழந்தைகளின் பாடப் புத்தகமாகும்,0
செருப்பின் அருமை வேலுல் தெரியும் நெருப்பின் அருமை குழுல் தெரியும்,0
நோயிட்டு வாழ்வே குறைவிட்டு சில்வம்,0
ஆபத்திலு உதவாதது நட்பல்ல,0
எழுதியவன் ஏட்டைக் கெடுத்தான் படித்தவன் பாட்டை கொடுத்தான்,0
பாம்பின் கால் பாம்பரியும்,0
தொடர்ந்து பயிர்ச்சி செய்யங்கள் விரைவில் பயன் கிடைக்கும்,0
கல்வி கட்க நல்ல நூல்களை குற்ற மரக் கட்க வேண்டும்,0
தடர்ந்து பயிர்ச்சி செய்யுங்கள் விரைவில் பயன் கிடைக்கும்,0
கணிந்த பலம் தானே விலும்,0
மரண தண்டனை மனிதத் தன்மையாச்சுது,0
எதிர்த்தவன் எழை என்றால் கோபம் சண்டாளம்,0
ஓட்டைப்பானையிலும் சர்க்கரை இருக்கும்,0
வல்லவனுக்குப் புல்லும் மாயிதம்,0
வருமையிலம் கொடிய வருமை வந்து விருந்துனவரை வரவேற்க முடியாதுது,0
ஒருவருது மன நிலையே அவருது முகத்தில் கண்டாறியலாம்,0
எதுத்தவன் ஏழை என்றால் கோபும் சண்டாலம்,0
வல்லவனுக்குப் புல்லும் ஆயிதம்,0
அடங்காமை வாழ்வையே இருலாக்கி விடும்,0
வீட்டில் எலி வெளியில் புளி,0
தண்ணீரிலே விளைந்த உப்பு தண்ணீரிலே கறை வேண்டும்,0
ஆங்கிலம் கர்ப்பது எனக்கு மிகவும் வயனுள்ள தலம் என நம்புகிறேன்,0
வருமையிலும் கொடிய வருமை வந்த விருந்தினரை வரவேட்க முடியாதது,0
செருப்பின் அருமை வேலில் தெரியும் நெருப்பின் அருமை குழில் தெரியும்,0
கலகம் பிறந்தால் நியாயம் பிறக்கும்,0
கால நேரம் பாராது உழைத்தால் வழ்வு பிரகாசிக்கும்,0
கலகம் பிறந்தால் நியாயம் பிறக்கும்,0
விளையாட்டாய் இருந்தது விணையாய் முடிந்தது,0
சொல்புத்தியை விட சொய்யப் புத்தி மிக அவசியம்,0
தொட்டில் பழக்கம் சுடுகாடு மட்டும்,0
வருந்தியுப்புச் சரிக்காதவர்கள் வீட்டில் உண்ணாதுது கோடிப் பெருமை,0
எழுதியவன் ஏட்டைக் கொடுத்தான் படித்தவன் பாட்டைக் கொடுத்தான்,0
வாழ்கிறதும் கிடைகிறதும் வாயினால்தான்,0
வஞ்சகம் வழவே கெடுக்கும்,0
பொறுமையின் உறைவிடமாக இருப்பவரை நிறைவான மனிதரென்று உலகம் புகழும்,0
சொல்புத்தியை விட சுயபுத்தி மிக அவசியம்,0
பலமரம் கண்டத் தச்சன் ஒரு மரமும் வெட்ட மாட்டான்,0
தலைக்கு வந்தது தலைப்பாகையோடு போனது,0
விதியை மதியால் வெல்லலாம்,0
மென்னுவதெல்லாம் பொன்னல்ல,0
நாயைக் கண்டால் கல்லைக் கண்டால் நாயைக் கண்டால்,0
கஷ்டங்கள் இல்லை என்றால் போராடம் என்னமே இல்லாமல் போய்விடும்,0
நூல் கலைக்காட்பதை நிறுத்தி விடாதே,0
கடவுளை நம்பினோர் கை விடப்படார்,0
கடின உழைப்பு கண்டிப்பாக ஒரு நாள் பலன் தரும்,0
சுவரை வைத்துத்தான் சித்திரம் வரைய வேண்டும்,0
அறிவை விழத்துக்கொண்டால் எல்லா விதமான பயங்களும் அகன்று விடும்,0
ஒருவருக்குப் பயன்படும் பொருளே அவர்களுக்குச் சிரந்ததாகும்,0
சுவாமி வரங்கொடுத்தாலும் பூசாரி இடங்கொடுக்க மாட்டான்,0
வீட்டுக்குச் செல்வம் மாடு தோட்டுச் செல்வம் முருங்கை,0
மண்ணுயிரை தண்ணுயிர் போல் நினை,0
குலம் குப்பையிலே பணம் பந்தியிலே,0
சேராத இடத்திலே சேர்ந்தால் துண்பம் வரும்,0
உலகப் போக்கிற்கு ஏற்றவாரு நடந்து கொள்ள வேண்டும்,0
அந்திமழை அழுதாலும் விடாது,0
படிக்குறது திருவாய் மொழி இடிக்குறது பெருமாள் கோயில்,0
வெட்டு ஒன்று துண்டி இரண்டு,0
பலமரம் சேர்ந்து நின்றால்தான் அது தமிழில் தோப்பு என்பார்கள்,0
நல்ல மாட்டிருக்கு ஒரு சூடு நல்ல மனிதனுக்கு ஒரு வார்த்தை,0
நல்ல மாற்றுக்கு ஒரு சூடு நல்ல மனிதனுக்கு ஒரு வார்த்தை,0
உலகப் போக்கிட்கு எற்ற வாரு நடந்து கொள்ள வேண்டும்,0
அஞ்சி நடங்கிக் கொண்டிருப்பவனால் சிறிய குட்டையைக்கூட கிடக்க முடியாது,0
தலை இடையும் காச்சலும் தனுக்க வந்தால் தெரியும்,0
தொட்டில் பழக்கம் சுடுகாட மட்டும்,0
மிக்க உறுதியுடன் காக்கப்பட வேண்டியது அடக்கமாகும்,0
புராமை இருந்தால் உள்ளதையும் இலக்கணி ஏறிடும்,0
கரையான் புற்று பாம்புக்கு உதவிக்குறது,0
ஒருவர எதைக் காத்திட முடியா விட்டாலும் நாவையாது அடக்கி காத்திட வேண்டும்,0
இக்கரை மாட்டுக்கு அக்கரை பச்சை,0
உளர்ந்த இலையைச் சருகு என்பர்,0
கடவுளை நம்பினவர் கை விடப்படார்,0
யாடை வரும் இன்னை மணி ஓசை வரும் ஒன்னை,0
அத்திப் பலத்தைப் பிட்டுப் பாத்தால் அத்தனையும் புழு,0
கடினை உழைப்பு கண்டிப்பாக ஒரு நாள் பலந்தரும்,0
அச்சானி இல்லாத தேர் முச்சானும் ஓடாது,0
பந்திக்கு முன்னு பழைக்கு பின்து,0
அறிவு ஒன்று தான் அச்சத்தை முறிக்கும் அறிய மருந்து,0
முயலும் வெல்லும் ஆமையும் வெல்லும் ஆனால் முயலாமை வெல்லாது,0
கைக்கு எட்டினது வைக்கு எட்ட வில்லை,0
புத்தி இல்லாதவர்களிடம் பொறுப்பை கொடுப்பது புத்தி இல்லாத செய்யல்,0
தலைக்கு வந்தது தலைப்பாகையோடு போனது,0
மதுவுக்கு எதிராக நடக்கும் போராட்டத்தில் ஆயிற கணக்கான ஓர் கைது,0
உலகில் மிகவும் ஆசிப்படியும் நகரம் குதுடெல்லி,0
ஒருவரும் வாழ்க்கைக்கு உளிதருவது உக்கமே ஆகும்,0
செய்வேண திருந்தச்சை,0
வெட்டு ஒன்று துண்டி இரண்டு,0
காத்திருக்கிறேன்,0
கஷ்டங்கள் இல்லையென்றால் போராடம் என்னமே இல்லாமல் போய்விடும்,0
நீ தோற்றல் அங்கு நின்று உன் தோல்வி இருக்கான காரணங்களை விளக்கிக்கொண்டிருக்கக்கூடாது,0
சுருசுருப்பாய் உள்ள மனிதன் எப்போதும் மகிழ்ச்சியோடு இருப்பான்,0
நருக்குக் கொண்டாட்டம் நடுக்குத் தீண்டாட்டம்,0
சுற்றுச்சூரல் குரித்து விலிப்பு நர்வு இன்னும் முழுமையாக ஏற்படவில்லை,0
எலிக்குத் தின்டாட்டம் பூனைக்குக் கொண்டாட்டம்,0
மிஞ்சியது கொண்டு மேற்கே போகுதல் ஆகாது,0
இனமினத்தோடுதான் சேரும்,0
கோபம் என்பது தர்காலிகமான ஒரு பைத்தியக்காரத்தனம்,0
வீட்டில் எலி வெளியில் புலி,0
அறிவை வளர்த்துக்கொண்டால் எல்லா விதமான பயங்களும் அகன்று விடும்,0
அன்பு நெஞ்சத்தின் வழியில் ஏங்குவதே உயிருள்ளன் உடலாகும்,0
அகத்தின் அழக முகத்தில் தெரியும்,0
வெறும் கை என்பது மூடத்தனம் உன் விரல்கள் பத்துப் மூலத்தனம்,0
தவலை தன் வாயாட்கிடும்,0
தவிலை தன் வாயாற்கெடும்,0
இறக்கம் காட்டலாமானால் ஏமாலியாகி விடக்கூடாது,0
பெயராசை பெரு நஷ்டம்,0
அடக்கம் ஒருவனை பிற்காலத்தில் தேவருவிலகருக்குக் கொண்டு சேர்க்கும்,0
குலைக்கு அஞ்சாதவன் பழிக்கு அஞ்சான்,0
யானைக்கு ஒரு காலம் வந்தால் பூனைக்கு ஒரு காலம் வரும்,0
மாப்பழத்தால் கிளிக்காம் வேம்புப்பழத்தால் காக்கைக்காம்,0
நத்தையின் வைத்திலும் முத்து பிறக்கும்,0
அந்திமழை அழுதாலும் விடாது,0
வந்துகும் வாழ்வை கிடுக்கும்,0
ஒருவரது மன நிலையை அவரது முகத்தில் கண்டு அறியலாம்,0
கோபும் தனிந்து விடக்கூழிய தன்மை உழியுது,0
மதுவுக்கு எதிராக நடக்கும் போராட்டத்தில் ஆயிர கணக்கானவர் கைது,0
அடங்காம்மி வாழ்வையை இறுலாக்கி விடும்,0
மனியனத் தண்டனை மனிதத் தன்மை எட்சுது,0
விலையும் பயிற் முலையிலே தெரியும்,0
அவன் சிரியவனாக இருந்த போதில மிகவும் பலவானவன்,0
மதுவுக்கு எதிராக நடக்கும் போராட்டத்தில் ஆயரக்கணக்கும் ஆண்டுரு கைது,0
குல்கையில் தெளிவி உள்ளவரால் எதையும் சாதிக்க முடியும்,0
நெல்முதலிய தாணியங்களைக் குறேவாக விற்காது,0
மின்சாரம் இல்லாமல் ஏந்திரம் ஈங்காது,0
மரண தண்டணை மனித தன்மை எட்டுது,0
காசுக்கு ஒரு குதிரையும் வேண்டும் காற்றை போல பறக்கவும் வேண்டும்,0
உர்பக்கள் செய்யும் பிர்பக்கள் விலையும்,0
செருக்கு இல்லாமல் அடக்கமாக வாழ்வது எல்லோருக்குமே நல்லதுதான்,0
உளர்ந்த இளையை சருகின்றவர்,0
ஆட்டில் போட்டாலும் அளந்து போடு,0
வெட்டு ஒன்று துண்டிரண்டு,0
ஆட்டில் போட்டாலும் அளந்து போட,0
வந்துககம் வாழ்வைக் கிடுக்கும்,0
இக்கரை மாட்டுக்கு அக்கரை பச்சை,0
சுற்றுச் சூழல் குரிது விழுப்பு நருவு இன்னும் முழுமையாக ஏற்படவில்லை,0
பசி வந்தால் பத்தும் பறந்து விடும்,0
கெடுவான் கேடு நினைப்பான்,0
யாணிக்கு ஒரு காலம் வந்தால் பூனிக்கு ஒரு காலம் வரும்,0
ஒருவருக்குப் பயன்படும் பொருளே அவர்களுக்குச் சிரந்ததாகும்,0
கரையான் புற்று பாம்புக்கு உதவிக்குறது,0
சென்ற இடமெல்லாம் சிறப்பே கல்வி,0
உலகில் மிகவும் மாசுபடிந்த நகரம் புதுதெல்லி,0
நீ வெற்றி பெற்றால் பிறகு நின்றுக்கொண்டு விளக்க தேவை இல்லை,0
எதிர்த்தவன் ஏழை என்றால் கோபம் சண்டாளம்,0
தீயவர்களுக்கு செய்யும் உதவி தீமையாகவே முடியும்,0
எழுதியவன் ஏட்டைக்கு எடுத்தான் படித்தவன் பாட்டைக் கொடுத்தான்,0
கட்ருள்ள போதே துட்ரிக்கொள்,0
வரந்தி உபசரிக்காதவர்கள் வீட்டில் உண்ணாதது கோடி பெருமை,0
அறிவு ஒன்று தான் அச்சத்தை முறிக்கும் அறிய மருந்து,0
எரும்பு ஒரு கல்லும் தெய்யும்,0
விதியை மதியால் வெல்லலாம்,0
கலகம் பிறந்தால் நியாயம் பிறக்கும்,0
தலைக்கு வந்தது தலைப்பாகையோடு பூனுது,0
அன்பு உணையவை தம் உணையைப் பிறகு உரிமையாக்கி வாழ்வரு,0
காசுக்கு ஒரு குதிரையும் வேண்டும் காற்றை போல பறக்கும் வேண்டும்,0
அறிவு ஒன்று தான் அச்சத்தை முறிக்கும் அறிய மருந்து,0
மேசொல்லி கெட்டவனும் இல்லை பொய் சொல்லி வாழ்ந்தவனும் இல்லை,0
கோபம் தனிந்து விடக்கூடிய தன்மையுடையது,0
முயலும் வெள்ளும் ஆமையும் வெள்ளும் ஆனால் முயலாமை வெள்ளாது,0
உலகில் மிகவும் ஆசுபடிந்த நகரம் புது டெல்லி,0
இறக்கம் காட்டலாம் ஆனால் ஏமாளியாக விடக்கூடாது,0
கட்டுதுது கைமண் நிலவு கல்லாதுது உலகலவு,0
யானை வரும் பின்னே மணி ஓசை வரும் முன்னே,0
வரந்தி உபச்சதிக்காதவர்கள் வீட்டில் உண்ணாதது கோடி பெருமை,0
ஒருவரின் வாழ்க்கைக்கு உளிதருவது உக்கமே ஆகும்,0
எரும்பூருக்கல்லும் தேயும்,0
பலமரம் சேர்ந்து நேன்றால்தான் அதை தமிழில் தோப்பி என்பார்கள்,0
பலகப் பலகப் பாலும் புலிக்கும்,0
மேற்கே மழை போய்தால் கிழக்கே வெள்ளம் வரும்,0
ஆணிக்கு ஒரு காலம் பூனிக்கு ஒரு காலம்,0
மதுவுக்கு எதிராக நடக்கும் போராட்டத்தில் ஆயிர கணக்காணவர் கைது,0
பசி வந்தால் பத்தும் பறந்து விடும்,0
அசாணி இல்லாத தேர் முச்சாணும் மூடாது,0
ஒருவனுக்கு அழிவி இல்லாத சிறந்த செல்வம் கல்வியாகும்,0
சுருசுருப்பாய் உள்ள மனிதன் எப்போதும் மகிழ்ச்சியோடு இருப்பான்,0
காசுக்கு ஒரு குதிரையும் வேண்டும் காற்றை போல பிறக்கவும் வேண்டும்,0
பொறுமையின் உறைவிடமாக இருப்பவரை நிறைவான மனிதர் என்ற உலகம் புகழும்,0
வினை விதைத்தவன் வினையாருப்பான் தினை விதைத்தவன் தினையாருப்பான்,0
அவன் சிறியவனாக இருந்தபோதிலும் மிகவும் வழுவானவன்,0
புத்தி இல்லாதவர்களிடம் பொறுப்பைக் கொடுப்பது புத்தி இல்லாத செயல்,0
மேய் சொல்லி கெட்டவனும் இல்லை பொய் சொல்லி வாழ்ந்தவனும் இல்லை,0
கட்டுது கைமண் நலவு கல்லாதுது உலகலவு,0
புத்தி இல்லாதவர்களிடம் பொறுப்பைக் கொடுப்பது புத்தி இல்லாத செயல்,0
வீட்டிற்கு செல்வம் மாடு தோட்டத்து செல்வம் முருங்கை,0
எப்போதும் நம்பிக்கையிடம் இருக்கவேண்டும்,0
எழுதியவன் ஏட்டை கெடுத்தான் படித்தவன் பாட்டை கொடுத்தான்,0
தவலை தன்வாயார் கிடும்,0
கடுமையான உழைப்பு அதுஷ்டத்தை அழைத்து வரும்,0
அன்புடையவர் தம் உடமையையும் பிரருக்கு உரிமையாக்கி வாழ்வர்,0
மனம் தடுமாறினால் மாற்றானுக்கு வலிமி,0
அறிவை வளர்த்துக்கொண்டால் எல்லா விதமான பயங்களும் அகன்று விடும்,0
தம்பி உடையான் படைக்கு அஞ்சான்,0
குலம் குப்பையிலே பணம் பந்தியிலே,0
திருக்குரல் உலக புகழ் பெற்ற தமிழ் இளக்கையமாகும்,0
மிக்க உறுதியுடன் காக்கப்பட வேண்டியது அடக்கமாகும்,0
உலகம் கடவுளை அடிப்படையாகக் கொண்டிருக்கிறது,0
விலையும் பயர் முளையிலேயே தெரியும்,0
அடக்கம் ஒருவனே பிற்காலத்தில் தேவருவில் இருக்குக்குக் கொண்டு சேர்க்கும்,0
மின்சியதுக்கொண்டு மேற்கே போகுதல் ஆகாது,0
பெற்றோர்களின் வாழ்க்கை என்பது குழந்தைகளின் பாடப் புத்தகம் ஆகும்,0
பழகப் பழகப் பாலம் புலிக்கும்,0
ல் விளையாதது ல் விளையாது,0
ஒவ்வொரு விணைக்கும் எதிர் விணை நிச்சயம் உண்டு,0
கரையான் புற்று பாம்புக்கு உதவைக்கிறது,0
இனம் இனத்தோடுதான் சேரும்,0
சுவரை வைத்ததான் சித்திரம் வரைய வேண்டும்,0
அவரவர் செய்யும் செயல் வேறுப்பாடுகளால் மட்டுமே பெருமை வரும்,0
அஞ்சி நடங்கி கொண்டிருப்பவனால் சிறிய குட்டையைக்கூட கிடக்க முடியாது,0
விலையும் பயர் முழையிலே தெரியும்,0
அடங்காம்மை வாழ்வையே இருலாக்கி விடும்,0
இல் வலையாதுது இல் வலையாது,0
வெறும் கை என்பது மூடத்தனம் உன் விரல்கள் பத்தும் மூலத்தனம்,0
கடினு விளைப்பு கண்டிப்பக ஒரு நாள் பலன் தரும்,0
யாணி வரும் பின்னி மணி ஓசை வரும் முன்னி,0
ஒரு பொயை மரைக்கு ஒன்பது பொய் சொல்லுதான்,0
ஓட்டைப் பாணியிலும் சர்க்கரை இருக்கும்,0
செருப்பின் அருமை வெய்லில் தெரியும் நெருப்பின் அருமை குழில் தெரியும்,0
பொறுமையின் உறைவிடமாக இருப்பவரை நிறைவான மனிதர் என்று உலகம் புகழும்,0
கடவுளை நம்பினோர் கை விடப்படார்,0
கேட்பவருக்கு கொடுத்து உன்னை வேண்டும்,0
கஷ்டங்கள் இல்லை என்றால் போராடம் என்னமே இல்லாமல் போய்விடும்,0
மேற்கே மழைப்பு இதால் கிலைக்கே வெள்ளம் வரும்,0
எச்சிட் கையால் காக்கை ஓட்டாதவன் பிச்சைக் கொடுப்பானா,0
கல்வி கற்க நல்ல நூல்களை குற்றம் அரை கற்க வேண்டும்,0
ஆடுதோரும் பத்திலைச்சம் கடல்பரவைகள் கொள்ளப் படிக்கின்றன,0
வீட்டில் எலி வெளியில் புளி,0
தேவர்களுக்கு செய்யும் உதவி தீமையாகவே முடியும்,0
கஷ்டங்கள் இல்லை என்றால் போராடும் என்னமே இல்லாமல் போய்விடும்,0
நரிக்குக் கொண்டாட்டம் நண்டுக்குத் தின்டாட்டம்,0
மனம் தடுமாறினால் மாற்றானுக்கு வலிமே,0
ஒருவனுக்கு அழிவு இல்லாத சிறந்த செல்வம் கல்வியே ஆகும்,0
பதறாது காரியம் சித்துராது,0
பசி வந்தால் பத்தும் பறந்த விடும்,0
வீட்டுக்கு செல்வம் மாடு தோட்டை செல்வம் முருங்கை,0
சுற்றுசூலல் குரித்த விழுப்புனர்வு இன்னும் முழுமையாக ஏற்படவில்லை,0
சாதமி இருந்தால் காடு கொல்லாது,0
அரசன் இல்லாத நாடு அச்சில்லாத தேரு,0
கொலைகளுக்கு கையில் வாழிருந்தும் பயன் இல்லை,0
எரும்பூர கள்ளும் தேயும்,0
மின்சியதைக் கொண்டு மேற்கே போகுதல் ஆகாது,0
கடவிலை நம்பினோர் கை விடப்படார்,0
அத்திப்பழத்தைப் பிட்டுப் பார்த்தால் அத்தனையும் புழு,0
அடக்கம் அழியாத புகுழை கொடுக்கும்,0
திருகுரல் உலகப் புகழ் பெற்ற தமிழிலக்கியமாகும்,0
வானம் சுறக்கு தானம் சிறக்கும்,0
உலகம் கடவுளே அடிப்படையாகக் கொண்டிருக்கிறது,0
ஒவ்வொரு விணைக்கும் எதிர் விணையிட்சியம் உண்டு,0
மின்சாரம் இல்லாமல் ஈந்திரம் ஈங்காது,0
கட்டுறது கைமண்ணன் அளவு கல்லாதது உலக அளவு,0
கெடுவான் கெடு நினைப்பான்,0
நாமும் என்னிடம் நினைக்க தெய்வம் என்னிடம் நினைக்கும்,0
செய்வண திருந்தச்சு,0
கடின உழைப்பு கண்டிப்பாக ஒரு நாள் பலன் தரும்,0
பதறாத காரியம் சிதிராது,0
ஒருவருடைய வாழ்க்கைக்கு உளிதருவது ஊக்கமே ஆகும்,0
இக்கரை மாட்டுக்கு அக்கரை பச்சை,0
மண்ணுயிரை தன்னியிருப்போல் நினை,0
மண்ணுயிரை தண்ணுயிர் போல் நினை,0
உக்கம் இந்தி உயிர் வாழ்வது இளிவித் தருவதாகும்,0
மேற்கே மலை பெய்தால் கிளைக்கே வெல்லம் வரும்,0
எழுத்துக்கலெல்லாம் அகரத்தை அடிப்படையாகக் கொண்டிருக்கின்றன,0
காதலாக இருக்கிறது,0
கோபம் தனில் விடக்கூடிய தன்மை உடையது,0
உண்ண உணவு தந்தவர்கள் வீட்டிலேயே திருடுவது மிக பெரிய பாதகச் செயலாகும்,0
ஆபத்தில் உதவாததுன் நட்பல்ல,0
சாவண்டா,0
சுவாமி வரங்கு கொடுத்தாலும் பூசாரி இடம் கொடுக்க மாட்டான்,0
நெல் முதலிய தாணியங்களைக் குறிவாக விருக்காதே,0
நெல் முதலிய தாணியங்களே குறைவாக விருக்காதே,0
கவலையுடியவருக்குக் கண்ணறுக்கம் வராது,0
இனமினத்தோடுதான் சேரும்,0
கோபம் தனிந்து விடக்கூடிய தன்மையுடையது,0
முள்ளை முள்ளால்தான் எடுக்க வேண்டும்,0
உக்கம் மென்றி உயிர் வாழ்வது ஆகும்,0
போதும் என்ற மனமே பொன் செய்யும் மருந்து,0
நீ வெற்றி பெற்றால் பிறகு நின்று கொண்டு விழக்கத் தேவை இல்லை,0
இக்கரை மாட்டுக்கு அக்கரை பச்சை,0
உனக்குள்ள பொருள் மட்டும் சிறப்புகளை பலரும் அறியும்படிக் கூறாதே,0
மண்ணன் எப்படியோ மண்ணுயிரப்படி,0
அந்திமழை அழுதாலும் விடாது,0
கவலை உடையவருக்கு கண்ணுறக்கம் வராது,0
மெற்கே மழை போயிதால் கிழக்கே வள்ளம் வரும்,0
ஆங்கிலம் கற்பதற்கு எனக்கு மிகவும் பயனுள்ள தலைம்கிய நம்புகின்றேன்,0
திருகுரல் உலகப் புகல் பெற்ற தமிழ் இலைக்கையமாகும்,0
மிஞ்சியதுக்கொண்டு மேட்கே போகுதல் ஆகாது,0
உலகில் குடி மக்களுக்கு பாதுகாப்பான குடிநீர் கிடைப்பதில்லை,0
உலகில் மிகவும் ஆசைப்படிந்த நகரம் புது டெல்லி,0
அகத்தின் அழக முகத்தில் தெரியும்,0
எழுத்துகள் எல்லாம் அகரத்தை அடிப்படையாகக் கொண்டிருக்கிறேன்,0
வானம் சுறக்க தானம் சிறக்கும்,0
ஓட்டைப்பானையிலும் சர்க்கரை இருக்கும்,0
நாயே கண்டால் கல்லே காணும் கல்லே கண்டால் நாயே காணும்,0
ஒருவருக்குப் பயன்படும் பொருளே அவர்களுக்குச் சிறந்தத் ஆகும்,0
சென்ற இடம் இல்லாம் சிறப்பே கல்வி,0
வானம் சுறக்க தானம் சிறக்கும்,0
காட்டாளை மின்சார உர்பத்தியில் இந்தியா உலகில் நான்காவது இடத்தை பெற்றுள்ளது,0
அனைக்கு ஒரு காலம் புனைக்கு ஒரு காலம்,0
கொளைகளுக்கு கையில் வால் இருந்தும் பயனில்லை,0
அத்திப் பழத்தைப் பிட்டுப் பார்த்தால் அத்தனையும் புழு,0
நீ வெற்றி பெற்றால் பிறகு நின்று கொண்டு விளக்கத் தேவை இல்லை,0
விலையும் பயிர் முலையில் தெரியும்,0
உண்ணு உணவு தந்தவர்களின் வீட்டிலேயே திருடுவது மிகப் பெரிய பாதகச் செயலாகும்,0
அச்சானி இல்லாத தேர் முச்சானம் ஓடாது,0
நீ வெற்றி பெட்டால் பெருவருக்கு நின்று கொண்டு விளக்க தேவை இல்லை,0
எதிர்த்தவன் ஏலை என்றால் கோபம் சண்டாலம்,0
ஒருவருக்குப் பயன்படும் பொருளே அவள்களுக்குச் சிரந்ததாகும்,0
மண்ணுவீரை தன்னுவீரு போல் நினை,0
எல்லோருக்கும் ஒவ்வொரு எழுது,0
பாலுக்குக் காவல் பூனைக்குத் தோழன்,0
இல்லும் ஜாவு இல்லும் ஜாவு,0
துண்பங்களுக்கு இடையில்தான் வாய்ப்புகள் உழந்திருக்கின்றன,0
வாழுகிறதும் கடுகிறதும் வாயினால்தான்,0
அடக்கம் அழியாத புகலை கொடுக்கும்,0
மின்னுவதெல்லாம் பொண்ணல்ல,0
புராமை இருந்தால் உள்ளதையும் இழக்கணிறியும்,0
சொன்னதைச் சொல்லும் கிளிப் பிள்ளை,0
அவையில் பேசியிருக்காத ஐஞ்சுவூர் பலனுல் கற்றும் பயனில்லை,0
மடியிலே கணம் இருந்தால் தன் வழியிலே பயம் இருக்கும்,0
உலகில் கோடி மக்களுக்கு பாதுகாப்பான குடினீர் கிடைப்பது இல்லை,0
ஐந்துல் விளையாதுது ஐம்பதுல் விளையாது,0
யானை வரும் பின்னே மணி ஓசை வரும் உண்ணே,0
தொட்டில் பழக்கம் சுடுகாடு மட்டும்,0
சுற்று சூழல் குரித்த விழிப்புனர்வி இன்னும் முழுமையாக ஏற்படவில்லை,0
பழகப் பழகப் பாலும் புலிக்கும்,0
எழுதியவன் ஏட்டைக்கெடுத்தான் படித்தவன் பாட்டைக்கொடுத்தான்,0
வெட்டு ஒன்று துண்டு இரண்டு,0
இறும்பு ஊரைக் கல்லும் தேயும்,0
ஆண்டு தோறும் பத்திலச்சம் கடல் பரவைகள் கொல்லப்படுகின்றன,0
ஆணிக்கு ஒரு காலம் பூனைக்கு ஒரு காலம்,0
அவரை செய்யும் செயல் வேறுபாடுகளால் மட்டுமே பெருமை வரும்,0
உதவும் முன் யோசித்து அதற்கேட்பு உதவ வேண்டும்,0
விணை விதைத்தவன் விணையருப்பான் திணை விதைத்தவன் திணையருப்பான்,0
தலை இடியும் காய்ச்சுலம் தனக்கு வந்தால் தெரியும்,0
ஒருவனுக்கு அறிவு இருந்தும் மாற்றல் இல்லையென்னில் அவன் வாழ்வை சிறக்காது,0
பாம்பின் கால் பாம்பரியும்,0
கிடுவான் கேடி நினைப்பான்,0
முள்ளை முள்ளால்தான் எடுக்கவேண்டும்,0
படிக்குறது திருவாய் மொழி இடிக்குறது பெருமால் கோயில்,0
அன்புடையவர் தம் உடமையும் பிரர்க்கு உரிமையாக்கு வாழ்வரும்,0
நெல் முதலி தாணியங்களை குறைவாக விட்காதே,0
நேசிப்பவர்கள் எல்லாம் நம் உடல் எலைத் திருக்க முடியாது,0
தண்ணீரிலேயே விளைந்த உப்பு தண்ணீரிலேயே கறைய வேண்டும்,0
கால நேரம் பாராது உழைத்தால் வழ்வு பிரகாசிக்கும்,0
உலகம் கடவுளே அடிப்படையாகக் கொண்டிருக்கிறது,0
மனம் உண்டானால் வழியும் உண்டு,0
நீ தோட்சால் அங்கு நிறுத்து உன் தோழ்விற்கான காரணங்களை விளக்கிக்கொண்டு இருக்கக்கூடாது,0
கைக்கு எட்டியது வாய்க்கு எட்டவில்லை,0
மனம் போல வாழ்வு,0
மடியிலே கணம் இருந்தால்தான் வழியிலே பயம் இருக்கும்,0
அவையில் பேசியிருக்கும் ஒரு பலனுல கட்டும் பயன் இல்லை,0
தலை இடியும் காய்ச்சுலும் தனக்கு வந்தால் தெரியும்,0
